860, 861, 240, 1887, 1888, 1889, 862, 863, 179
332, 147, 5, 74, 0, 0, 0, 0, 0
269, 1193, 90, 575, 488, 0, 0, 0, 0
1890, 44, 195, 180, 0, 0, 0, 0, 0
8, 1891, 30, 270, 27, 1892, 7, 333, 1893
1194, 271, 17, 51, 47, 576, 1894, 417, 0
181, 1895, 1896, 1897, 1898, 1899, 0, 0, 0
1900, 57, 160, 300, 671, 0, 0, 0, 0
1901, 672, 1902, 1903, 0, 0, 0, 0, 0
489, 58, 241, 18, 0, 0, 0, 0, 0
10, 137, 7, 272, 864, 112, 0, 0, 0
30, 271, 301, 1904, 196, 0, 0, 0, 0
161, 1905, 673, 1906, 1907, 674, 2, 0, 0
36, 865, 162, 577, 0, 0, 0, 0, 0
418, 367, 5, 675, 1195, 490, 113, 148, 0
9, 1908, 491, 1909, 492, 122, 8, 131, 1196
22, 1197, 8, 182, 302, 368, 334, 335, 0
105, 10, 1910, 30, 676, 0, 0, 0, 0
10, 1911, 866, 1912, 1913, 9, 1198, 45, 578
198, 8, 10, 67, 0, 0, 0, 0, 0
1199, 28, 75, 867, 0, 0, 0, 0, 0
1200, 493, 2, 74, 0, 0, 0, 0, 0
579, 27, 98, 8, 199, 59, 7, 69, 197
37, 868, 1914, 580, 0, 0, 0, 0, 0
335, 2, 60, 16, 1201, 869, 0, 0, 0
1915, 1916, 1917, 44, 90, 150, 677, 269, 495
1202, 496, 138, 581, 582, 5, 18, 0, 0
871, 1918, 1919, 70, 63, 872, 1920, 0, 0
31, 8, 1203, 1921, 497, 1922, 0, 0, 0
13, 9, 575, 1204, 0, 0, 0, 0, 0
182, 2, 583, 420, 68, 0, 0, 0, 0
90, 336, 26, 1923, 0, 0, 0, 0, 0
163, 873, 162, 873, 874, 370, 875, 876, 1205
164, 877, 498, 1924, 499, 303, 41, 1206, 421
69, 492, 84, 878, 678, 243, 879, 197, 0
1207, 679, 200, 139, 6, 200, 20, 273, 9
179, 1925, 138, 5, 9, 85, 880, 147, 0
371, 1208, 1209, 1210, 112, 151, 1926, 680, 75
33, 584, 8, 1211, 500, 1212, 0, 0, 0
162, 68, 372, 304, 681, 1213, 274, 420, 0
881, 1927, 881, 1928, 682, 0, 0, 0, 0
184, 42, 1214, 585, 1215, 1216, 52, 0, 0
10, 1929, 99, 882, 0, 0, 0, 0, 0
1217, 100, 26, 29, 0, 0, 0, 0, 0
5, 9, 18, 305, 493, 91, 1930, 1218, 0
106, 5, 7, 1931, 1932, 0, 0, 0, 0
1933, 29, 275, 7, 47, 86, 0, 0, 0
55, 9, 1219, 36, 683, 883, 1220, 501, 884
5, 39, 1221, 5, 0, 0, 0, 0, 0
335, 684, 1934, 422, 1935, 132, 586, 423, 0
11, 11, 2, 587, 7, 0, 0, 0, 0
242, 685, 21, 1936, 133, 1937, 1938, 0, 0
10, 16, 201, 303, 1939, 44, 40, 1940, 686
1213, 185, 101, 1222, 306, 14, 0, 0, 0
7, 13, 200, 18, 0, 0, 0, 0, 0
687, 366, 302, 2, 1223, 14, 0, 0, 0
337, 275, 7, 23, 424, 276, 57, 2, 0
112, 98, 1941, 886, 588, 1224, 65, 587, 374
1942, 1225, 688, 502, 76, 202, 689, 375, 425
503, 10, 1943, 8, 152, 1226, 1227, 589, 588
1228, 1229, 583, 216, 0, 0, 0, 0, 0
195, 8, 1231, 887, 1946, 1947, 1232, 48, 152
32, 488, 888, 690, 376, 889, 153, 0, 0
149, 1220, 338, 1948, 27, 154, 499, 1949, 0
890, 1233, 504, 426, 92, 0, 0, 0, 0
1950, 502, 590, 591, 1951, 1952, 1953, 689, 502
36, 183, 691, 1954, 36, 17, 891, 1955, 0
51, 1234, 1234, 592, 505, 0, 0, 0, 0
163, 892, 1235, 11, 2, 9, 0, 0, 0
1237, 1956, 1238, 893, 506, 245, 114, 1238, 26
2, 31, 579, 339, 333, 1957, 1239, 244, 0
19, 276, 427, 74, 340, 692, 0, 0, 0
1958, 420, 593, 1959, 877, 499, 366, 185, 218
132, 1960, 277, 1240, 0, 0, 0, 0, 0
9, 218, 1241, 581, 1961, 55, 5, 335, 0
1242, 85, 140, 378, 0, 0, 0, 0, 0
26, 29, 165, 507, 0, 0, 0, 0, 0
71, 219, 894, 272, 693, 1962, 2, 0, 0
184, 685, 694, 84, 1963, 9, 1964, 115, 1243
11, 277, 695, 75, 100, 137, 868, 0, 0
166, 183, 246, 167, 0, 0, 0, 0, 0
33, 247, 45, 38, 10, 1965, 92, 248, 504
895, 428, 1966, 9, 17, 594, 1244, 1245, 1967
70, 18, 896, 184, 1246, 0, 0, 0, 0
18, 141, 489, 113, 0, 0, 0, 0, 0
19, 70, 10, 168, 19, 167, 897, 17, 594
249, 21, 2, 219, 10, 11, 430, 380, 169
1970, 148, 381, 34, 307, 1971, 0, 0, 0
382, 20, 90, 142, 7, 13, 1973, 278, 595
1247, 9, 18, 596, 0, 0, 0, 0, 0
1974, 698, 898, 699, 383, 165, 7, 35, 112
10, 39, 417, 308, 9, 0, 0, 0, 0
336, 1976, 154, 900, 901, 1248, 902, 370, 182
1250, 2, 332, 701, 903, 71, 1977, 1978, 15
5, 904, 250, 2, 93, 59, 904, 1979, 905
6, 19, 186, 9, 112, 0, 0, 0, 0
509, 11, 77, 75, 16, 32, 1251, 1980, 112
422, 36, 597, 27, 11, 5, 147, 1981, 0
579, 115, 339, 113, 1252, 702, 84, 0, 0
678, 906, 424, 123, 9, 18, 0, 0, 0
673, 1253, 33, 1982, 1983, 115, 370, 0, 0
1984, 1985, 279, 98, 8, 220, 384, 907, 9
598, 341, 10, 14, 1254, 0, 0, 0, 0
147, 106, 908, 9, 28, 65, 18, 309, 241
241, 510, 428, 63, 138, 9, 244, 241, 909
251, 579, 431, 67, 703, 197, 1986, 84, 0
1987, 69, 1988, 78, 1989, 910, 68, 249, 0
5, 75, 1990, 704, 0, 0, 0, 0, 0
599, 1991, 705, 52, 1992, 0, 0, 0, 0
1993, 69, 162, 911, 0, 0, 0, 0, 0
912, 5, 28, 1994, 0, 0, 0, 0, 0
148, 113, 1995, 106, 341, 0, 0, 0, 0
511, 87, 78, 47, 85, 499, 14, 14, 1996
61, 500, 124, 65, 1998, 432, 252, 48, 385
310, 221, 430, 913, 1999, 78, 81, 164, 911
69, 29, 337, 124, 2000, 47, 187, 0, 0
147, 2001, 706, 512, 0, 0, 0, 0, 0
75, 106, 253, 36, 202, 0, 0, 0, 0
10, 2002, 6, 19, 10, 150, 707, 1255, 311
20, 26, 254, 2, 9, 0, 0, 0, 0
23, 36, 1256, 13, 0, 0, 0, 0, 0
2003, 2004, 162, 2005, 914, 874, 433, 513, 195
141, 426, 88, 68, 147, 2006, 505, 74, 2007
2008, 2009, 2010, 185, 708, 1253, 894, 0, 0
147, 514, 22, 915, 27, 86, 2011, 916, 709
386, 1257, 169, 1258, 222, 35, 2012, 26, 29
18, 710, 67, 2013, 0, 0, 0, 0, 0
387, 917, 1259, 2014, 600, 2015, 0, 0, 0
2016, 2017, 100, 10, 93, 29, 59, 0, 0
433, 515, 52, 6, 2018, 94, 170, 0, 0
151, 223, 338, 131, 216, 182, 1260, 1261, 223
1262, 918, 29, 489, 516, 8, 2019, 371, 1208
10, 430, 380, 90, 342, 919, 711, 2020, 223
164, 2021, 2022, 601, 2023, 22, 312, 0, 0
9, 281, 423, 281, 30, 2024, 0, 0, 0
11, 8, 2025, 712, 0, 0, 0, 0, 0
313, 27, 366, 434, 714, 248, 2026, 314, 2
171, 1244, 218, 9, 0, 0, 0, 0, 0
170, 435, 6, 2027, 2028, 0, 0, 0, 0
162, 715, 601, 701, 497, 243, 224, 101, 716
2029, 2030, 19, 282, 602, 1263, 1264, 707, 2031
19, 10, 26, 370, 1265, 488, 0, 0, 0
717, 140, 2032, 131, 2033, 0, 0, 0, 0
23, 36, 1266, 225, 1267, 0, 0, 0, 0
683, 2, 31, 10, 2034, 59, 388, 30, 2035
491, 368, 44, 718, 0, 0, 0, 0, 0
1268, 124, 37, 134, 7, 23, 2036, 719, 10
901, 2037, 1269, 2038, 1270, 1271, 204, 1272, 2039
720, 16, 389, 160, 163, 367, 1273, 2040, 1274
52, 390, 162, 878, 115, 244, 7, 315, 0
283, 179, 921, 2041, 0, 0, 0, 0, 0
9, 2042, 170, 2043, 0, 0, 0, 0, 0
94, 253, 1275, 517, 20, 518, 2045, 217, 46
2047, 2048, 1277, 436, 883, 2049, 519, 391, 197
1278, 2050, 65, 437, 392, 1279, 93, 0, 0
226, 343, 60, 223, 13, 0, 0, 0, 0
179, 714, 2051, 721, 0, 0, 0, 0, 0
722, 2052, 106, 24, 84, 98, 2053, 205, 0
10, 37, 488, 86, 0, 0, 0, 0, 0
85, 92, 27, 10, 2054, 1280, 427, 0, 0
438, 13, 60, 273, 2055, 439, 2056, 2057, 63
440, 2059, 923, 924, 156, 2060, 925, 47, 201
10, 316, 422, 171, 2061, 926, 367, 1282, 344
441, 91, 513, 99, 2062, 0, 0, 0, 0
304, 284, 114, 168, 520, 2064, 391, 690, 304
2065, 723, 928, 2066, 185, 195, 929, 195, 86
2067, 442, 240, 930, 160, 26, 29, 153, 0
217, 581, 2068, 61, 200, 18, 0, 0, 0
215, 20, 142, 7, 125, 0, 0, 0, 0
7, 163, 75, 206, 597, 680, 0, 0, 0
115, 1243, 226, 22, 931, 2069, 343, 0, 0
8, 724, 168, 172, 431, 150, 10, 0, 0
422, 242, 725, 52, 93, 6, 393, 0, 0
317, 932, 580, 722, 0, 0, 0, 0, 0
33, 34, 2070, 219, 10, 132, 112, 0, 0
1284, 726, 60, 255, 1285, 0, 0, 0, 0
18, 318, 727, 116, 2072, 437, 173, 65, 29
521, 11, 5, 63, 0, 0, 0, 0, 0
873, 874, 1286, 932, 0, 0, 0, 0, 0
16, 94, 933, 10, 27, 1287, 728, 2073, 225
188, 2, 1288, 304, 370, 0, 0, 0, 0
197, 18, 57, 227, 0, 0, 0, 0, 0
14, 1289, 389, 2074, 513, 99, 441, 0, 0
388, 10, 934, 122, 0, 0, 0, 0, 0
186, 112, 17, 2075, 729, 1290, 585, 0, 0
2, 18, 341, 867, 896, 0, 0, 0, 0
584, 180, 935, 493, 0, 0, 0, 0, 0
1291, 95, 2076, 443, 9, 151, 218, 7, 0
936, 2077, 1292, 892, 2078, 123, 0, 0, 0
76, 26, 345, 9, 0, 0, 0, 0, 0
860, 10, 2079, 2080, 113, 166, 148, 0, 0
937, 113, 2, 143, 0, 0, 0, 0, 0
23, 34, 2081, 1293, 938, 380, 15, 2082, 488
247, 1294, 18, 939, 0, 0, 0, 0, 0
2083, 490, 44, 2084, 338, 940, 223, 0, 0
2085, 162, 57, 216, 269, 0, 0, 0, 0
132, 1295, 182, 283, 863, 123, 0, 0, 0
10, 28, 219, 28, 75, 0, 0, 0, 0
16, 100, 56, 715, 14, 188, 0, 0, 0
31, 132, 345, 2086, 2087, 0, 0, 0, 0
599, 121, 444, 30, 220, 7, 34, 313, 0
445, 2088, 2089, 2090, 678, 123, 10, 0, 0
36, 55, 226, 188, 77, 122, 84, 69, 522
148, 5, 9, 901, 312, 368, 332, 0, 0
717, 2091, 123, 173, 29, 941, 394, 0, 0
44, 73, 942, 898, 30, 1296, 218, 0, 0
21, 603, 180, 501, 1297, 271, 0, 0, 0
604, 73, 730, 7, 588, 1295, 182, 207, 222
32, 250, 81, 147, 137, 0, 0, 0, 0
9, 61, 18, 2, 0, 0, 0, 0, 0
2, 368, 422, 332, 2, 9, 332, 0, 0
604, 319, 249, 605, 1298, 731, 2092, 0, 0
914, 30, 135, 2093, 77, 434, 943, 135, 122
2094, 2095, 36, 46, 114, 2096, 0, 0, 0
36, 17, 26, 29, 0, 0, 0, 0, 0
26, 29, 76, 21, 694, 1299, 18, 36, 383
1300, 1251, 944, 2097, 1294, 945, 0, 0, 0
164, 1301, 1302, 2098, 69, 2099, 0, 0, 0
5, 9, 74, 346, 28, 347, 27, 0, 0
2100, 946, 228, 509, 0, 0, 0, 0, 0
2101, 10, 523, 44, 518, 524, 2102, 2103, 885
2105, 947, 447, 948, 270, 1303, 29, 152, 39
510, 62, 84, 243, 253, 189, 76, 26, 345
22, 302, 208, 949, 70, 302, 23, 17, 0
18, 733, 9, 2, 222, 0, 0, 0, 0
316, 256, 522, 1304, 86, 245, 0, 0, 0
606, 10, 427, 2106, 0, 0, 0, 0, 0
144, 2107, 2108, 687, 366, 2109, 0, 0, 0
1305, 2110, 240, 24, 34, 198, 185, 47, 2
10, 23, 36, 82, 75, 1235, 734, 444, 190
950, 55, 313, 951, 55, 495, 866, 162, 0
138, 952, 335, 20, 106, 2111, 188, 2112, 1306
320, 2113, 2, 448, 132, 29, 0, 0, 0
277, 18, 449, 387, 0, 0, 0, 0, 0
37, 598, 394, 735, 953, 384, 2114, 607, 2115
182, 55, 1270, 1307, 182, 166, 123, 0, 0
2116, 133, 205, 608, 0, 0, 0, 0, 0
185, 921, 19, 5, 0, 0, 0, 0, 0
736, 180, 304, 98, 8, 525, 695, 0, 0
332, 135, 70, 23, 82, 2117, 391, 0, 0
57, 2, 368, 332, 0, 0, 0, 0, 0
10, 8, 2118, 34, 0, 0, 0, 0, 0
2119, 387, 526, 180, 882, 2120, 167, 2121, 167
99, 1308, 1309, 713, 2122, 0, 0, 0, 0
594, 954, 7, 7, 9, 218, 0, 0, 0
515, 114, 737, 52, 396, 395, 243, 0, 0
217, 1256, 1310, 205, 0, 0, 0, 0, 0
1311, 94, 685, 955, 734, 0, 0, 0, 0
2, 163, 148, 2123, 952, 2124, 71, 956, 0
2127, 167, 10, 2128, 1312, 397, 165, 507, 112
106, 2129, 85, 9, 218, 0, 0, 0, 0
19, 501, 23, 17, 89, 0, 0, 0, 0
598, 165, 957, 41, 0, 0, 0, 0, 0
276, 191, 9, 2130, 216, 0, 0, 0, 0
939, 58, 75, 19, 9, 17, 450, 0, 0
57, 174, 16, 51, 0, 0, 0, 0, 0
100, 229, 949, 278, 29, 517, 392, 398, 738
138, 5, 143, 2131, 527, 2132, 197, 0, 0
126, 886, 9, 2133, 115, 9, 0, 0, 0
377, 922, 1276, 609, 1313, 0, 0, 0, 0
16, 93, 29, 219, 2134, 112, 0, 0, 0
148, 5, 596, 5, 0, 0, 0, 0, 0
243, 958, 2135, 225, 495, 451, 78, 0, 0
426, 739, 959, 2136, 1254, 209, 0, 0, 0
697, 8, 740, 1314, 741, 960, 1298, 302, 32
960, 587, 308, 19, 0, 0, 0, 0, 0
19, 490, 427, 95, 0, 0, 0, 0, 0
242, 29, 125, 55, 2138, 0, 0, 0, 0
210, 107, 427, 10, 86, 0, 0, 0, 0
7, 428, 215, 6, 15, 51, 2139, 37, 52
18, 2140, 100, 56, 2141, 0, 0, 0, 0
36, 17, 26, 29, 399, 77, 63, 528, 0
20, 56, 517, 108, 425, 452, 2142, 0, 0
93, 29, 59, 7, 35, 112, 0, 0, 0
10, 961, 6, 99, 9, 0, 0, 0, 0
2143, 244, 29, 1265, 165, 7, 0, 0, 0
90, 919, 525, 2144, 9, 153, 10, 0, 0
169, 2145, 721, 169, 157, 56, 10, 102, 311
252, 7, 963, 92, 106, 5, 0, 0, 0
503, 249, 1315, 189, 37, 112, 276, 92, 0
447, 510, 112, 2146, 303, 2147, 2148, 1316, 2149
133, 1317, 529, 101, 8, 610, 2153, 2154, 2155
35, 135, 6, 63, 17, 26, 2156, 8, 0
188, 106, 430, 67, 5, 163, 185, 530, 2157
18, 211, 158, 387, 41, 46, 0, 0, 0
420, 1318, 18, 1319, 0, 0, 0, 0, 0
198, 123, 28, 9, 2158, 0, 0, 0, 0
20, 2159, 73, 35, 269, 2160, 0, 0, 0
2161, 58, 950, 1320, 1321, 2162, 2163, 704, 311
195, 2164, 2165, 282, 602, 270, 17, 155, 441
9, 11, 2, 55, 253, 2166, 227, 0, 0
20, 73, 166, 19, 2167, 938, 0, 0, 0
93, 2168, 595, 189, 1315, 0, 0, 0, 0
94, 58, 13, 18, 9, 201, 0, 0, 0
395, 348, 150, 2169, 1322, 47, 2170, 0, 0
37, 7, 65, 42, 531, 532, 964, 0, 0
230, 516, 58, 1196, 192, 930, 965, 113, 127
533, 2171, 399, 2172, 180, 41, 1323, 195, 0
165, 197, 527, 2174, 2175, 1324, 741, 2176, 2177
2178, 76, 15, 126, 121, 2179, 611, 0, 0
1325, 181, 8, 10, 7, 42, 220, 0, 0
317, 2, 188, 35, 2180, 2181, 0, 0, 0
1326, 75, 521, 23, 17, 93, 2182, 0, 0
164, 882, 242, 52, 188, 114, 52, 0, 0
305, 2183, 2184, 87, 1327, 612, 2185, 966, 0
8, 2186, 726, 98, 8, 186, 0, 0, 0
278, 94, 437, 533, 967, 578, 0, 0, 0
203, 32, 26, 29, 0, 0, 0, 0, 0
742, 2187, 75, 85, 2188, 0, 0, 0, 0
78, 349, 280, 335, 218, 0, 0, 0, 0
453, 968, 2189, 2190, 714, 145, 2191, 0, 0
9, 218, 520, 60, 160, 375, 2192, 2193, 39
2194, 167, 420, 274, 5, 2195, 223, 0, 0
20, 42, 14, 65, 29, 613, 315, 0, 0
270, 1328, 2, 9, 13, 9, 285, 13, 9
134, 7, 424, 13, 0, 0, 0, 0, 0
154, 715, 969, 1329, 154, 338, 17, 594, 0
2197, 743, 2198, 2199, 316, 191, 158, 970, 614
19, 2200, 1330, 2201, 0, 0, 0, 0, 0
601, 701, 1286, 2203, 2204, 2205, 2206, 180, 60
35, 2207, 7, 83, 380, 0, 0, 0, 0
303, 11, 101, 41, 341, 0, 0, 0, 0
9, 939, 74, 447, 0, 0, 0, 0, 0
20, 42, 278, 492, 29, 2208, 613, 315, 9
52, 1331, 114, 52, 21, 2209, 333, 1332, 31
37, 112, 276, 1333, 0, 0, 0, 0, 0
6, 496, 2210, 30, 40, 2211, 0, 0, 0
16, 33, 257, 26, 2213, 1335, 1321, 2214, 1292
730, 903, 283, 182, 343, 0, 0, 0, 0
167, 14, 2215, 22, 274, 420, 0, 0, 0
970, 2216, 16, 971, 84, 972, 0, 0, 0
577, 745, 595, 208, 588, 44, 454, 226, 0
112, 746, 23, 1337, 126, 747, 737, 48, 615
2219, 605, 1338, 1339, 1338, 1339, 100, 195, 180
438, 191, 158, 75, 141, 426, 869, 0, 0
2221, 2222, 2223, 247, 2224, 1340, 2225, 204, 2226
20, 42, 29, 96, 7, 0, 0, 0, 0
2227, 1341, 712, 1252, 2, 672, 0, 0, 0
29, 77, 7, 315, 0, 0, 0, 0, 0
147, 33, 2, 674, 30, 2228, 0, 0, 0
231, 2229, 1342, 68, 452, 2230, 215, 2231, 2232
2233, 205, 106, 430, 970, 0, 0, 0, 0
955, 22, 11, 2, 57, 527, 0, 0, 0
37, 2234, 92, 218, 0, 0, 0, 0, 0
1343, 154, 731, 167, 734, 7, 606, 0, 0
950, 2235, 2236, 955, 2237, 920, 86, 2238, 218
203, 257, 150, 2239, 9, 317, 0, 0, 0
76, 51, 60, 2, 31, 10, 0, 0, 0
198, 115, 187, 2240, 0, 0, 0, 0, 0
33, 500, 32, 973, 228, 27, 500, 616, 188
95, 19, 2241, 17, 0, 0, 0, 0, 0
9, 2, 1344, 186, 9, 0, 0, 0, 0
974, 617, 913, 892, 41, 596, 341, 113, 148
742, 42, 26, 29, 0, 0, 0, 0, 0
393, 1345, 193, 147, 170, 173, 123, 0, 0
376, 31, 2242, 75, 0, 0, 0, 0, 0
37, 7, 455, 134, 0, 0, 0, 0, 0
2243, 2244, 232, 51, 307, 2245, 9, 52, 861
170, 497, 15, 192, 1346, 2246, 2247, 2248, 2249
37, 7, 76, 202, 165, 0, 0, 0, 0
10, 62, 1347, 2250, 0, 0, 0, 0, 0
19, 10, 112, 444, 534, 515, 2251, 0, 0
975, 210, 284, 218, 338, 1348, 192, 153, 10
61, 83, 75, 976, 2252, 0, 0, 0, 0
513, 99, 16, 91, 513, 99, 0, 0, 0
5, 167, 5, 163, 5, 593, 86, 497, 0
167, 605, 1349, 19, 1350, 2253, 0, 0, 0
1224, 337, 1351, 86, 188, 0, 0, 0, 0
599, 2254, 52, 910, 379, 2255, 197, 722, 390
2256, 2257, 902, 590, 180, 0, 0, 0, 0
173, 153, 65, 29, 15, 597, 0, 0, 0
35, 65, 150, 366, 105, 1352, 671, 0, 0
520, 60, 211, 194, 0, 0, 0, 0, 0
134, 169, 275, 7, 426, 189, 1262, 26, 29
7, 618, 507, 112, 30, 449, 28, 9, 18
11, 56, 10, 26, 345, 2258, 10, 0, 0
16, 56, 2259, 456, 0, 0, 0, 0, 0
373, 457, 132, 169, 2260, 0, 0, 0, 0
128, 618, 92, 535, 394, 2, 0, 0, 0
73, 8, 75, 342, 0, 0, 0, 0, 0
42, 75, 2261, 348, 183, 60, 0, 0, 0
162, 216, 1353, 1354, 741, 371, 619, 0, 0
259, 10, 5, 748, 305, 699, 2262, 219, 0
935, 493, 5, 195, 0, 0, 0, 0, 0
36, 26, 29, 10, 36, 17, 749, 10, 102
138, 132, 29, 1355, 252, 7, 15, 33, 1356
2263, 394, 192, 750, 2264, 0, 0, 0, 0
620, 2265, 149, 28, 978, 679, 979, 14, 0
22, 69, 29, 534, 84, 2266, 61, 18, 0
138, 350, 41, 702, 84, 77, 7, 0, 0
188, 450, 152, 350, 884, 2, 39, 0, 0
2267, 91, 153, 980, 123, 0, 0, 0, 0
18, 2, 374, 34, 0, 0, 0, 0, 0
148, 22, 113, 2268, 0, 0, 0, 0, 0
18, 35, 351, 419, 591, 428, 41, 722, 0
45, 525, 695, 9, 26, 398, 0, 0, 0
942, 108, 599, 114, 52, 1331, 0, 0, 0
5, 9, 5, 18, 341, 113, 536, 0, 0
445, 31, 33, 159, 28, 144, 2269, 0, 0
196, 2271, 2272, 2273, 1357, 1358, 2274, 2275, 2276
321, 175, 311, 981, 0, 0, 0, 0, 0
5, 10, 2277, 94, 150, 0, 0, 0, 0
489, 113, 189, 2278, 2279, 530, 0, 0, 0
2280, 225, 8, 36, 594, 695, 9, 185, 0
309, 2281, 57, 682, 0, 0, 0, 0, 0
2282, 458, 537, 41, 1206, 223, 0, 0, 0
2283, 22, 195, 973, 506, 459, 0, 0, 0
55, 313, 46, 1329, 575, 715, 17, 0, 0
2284, 964, 748, 507, 707, 0, 0, 0, 0
322, 2285, 2286, 2287, 15, 399, 283, 19, 444
2288, 621, 6, 2289, 0, 0, 0, 0, 0
576, 390, 52, 10, 170, 114, 52, 9, 435
22, 19, 903, 1359, 427, 0, 0, 0, 0
2, 306, 5, 9, 5, 18, 0, 0, 0
172, 375, 1360, 245, 0, 0, 0, 0, 0
27, 752, 39, 2290, 2291, 6, 248, 123, 0
2292, 159, 272, 900, 2293, 336, 62, 753, 6
702, 10, 316, 48, 385, 187, 0, 0, 0
154, 55, 100, 2294, 622, 2295, 343, 1362, 0
1363, 269, 9, 613, 315, 0, 0, 0, 0
1327, 1364, 1365, 490, 86, 0, 0, 0, 0
283, 8, 2296, 1239, 0, 0, 0, 0, 0
538, 183, 754, 437, 194, 498, 91, 99, 0
11, 90, 24, 92, 2, 6, 0, 0, 0
154, 488, 450, 216, 0, 0, 0, 0, 0
1366, 154, 499, 2297, 2298, 2299, 0, 0, 0
121, 9, 1368, 127, 65, 24, 84, 202, 202
19, 1369, 509, 2300, 18, 1370, 83, 978, 0
2301, 24, 1236, 154, 34, 6, 0, 0, 0
7, 593, 755, 7, 2302, 132, 2303, 55, 6
113, 339, 190, 174, 454, 62, 191, 946, 1354
429, 623, 2304, 5, 984, 47, 985, 84, 150
1229, 583, 336, 450, 11, 2, 0, 0, 0
2305, 154, 154, 2306, 162, 0, 0, 0, 0
164, 182, 498, 69, 14, 220, 0, 0, 0
181, 26, 424, 2307, 0, 0, 0, 0, 0
345, 219, 186, 28, 5, 18, 227, 9, 1319
390, 121, 910, 756, 1285, 0, 0, 0, 0
579, 581, 113, 2309, 0, 0, 0, 0, 0
457, 986, 343, 16, 757, 987, 0, 0, 0
10, 67, 2310, 400, 1371, 0, 0, 0, 0
173, 65, 29, 613, 315, 0, 0, 0, 0
123, 164, 145, 704, 2311, 0, 0, 0, 0
5, 10, 2312, 260, 182, 368, 0, 0, 0
211, 2313, 158, 245, 21, 323, 283, 0, 0
33, 223, 624, 988, 0, 0, 0, 0, 0
731, 587, 758, 14, 0, 0, 0, 0, 0
228, 606, 759, 75, 0, 0, 0, 0, 0
1372, 1373, 2314, 22, 57, 498, 112, 0, 0
387, 5, 617, 2315, 2316, 378, 324, 2317, 0
32, 876, 875, 2318, 2319, 2320, 2321, 86, 1314
941, 124, 1375, 2322, 0, 0, 0, 0, 0
521, 350, 113, 148, 2323, 0, 0, 0, 0
687, 366, 1330, 2, 2324, 989, 1318, 725, 0
937, 935, 7, 15, 69, 122, 443, 94, 156
521, 88, 12, 2325, 10, 11, 1287, 352, 74
2326, 308, 990, 2327, 1320, 0, 0, 0, 0
219, 894, 397, 10, 460, 0, 0, 0, 0
76, 202, 26, 29, 0, 0, 0, 0, 0
2328, 70, 23, 17, 450, 0, 0, 0, 0
5, 10, 157, 56, 0, 0, 0, 0, 0
395, 99, 35, 1376, 99, 0, 0, 0, 0
148, 2329, 7, 1377, 0, 0, 0, 0, 0
497, 2330, 2331, 86, 0, 0, 0, 0, 0
2, 9, 5, 387, 0, 0, 0, 0, 0
447, 223, 380, 304, 313, 27, 2332, 2333, 2334
1378, 41, 2335, 140, 625, 952, 0, 0, 0
167, 2336, 2337, 2338, 19, 584, 1379, 17, 0
2, 9, 2, 18, 0, 0, 0, 0, 0
135, 173, 29, 693, 0, 0, 0, 0, 0
2339, 2340, 583, 336, 2341, 304, 61, 336, 14
2345, 2346, 580, 2347, 23, 181, 95, 540, 2
132, 424, 18, 241, 0, 0, 0, 0, 0
33, 51, 10, 503, 423, 86, 531, 123, 0
991, 51, 36, 29, 0, 0, 0, 0, 0
2348, 9, 100, 2349, 74, 431, 261, 0, 0
434, 69, 2350, 1226, 541, 987, 0, 0, 0
115, 11, 187, 698, 167, 0, 0, 0, 0
65, 124, 59, 245, 260, 0, 0, 0, 0
138, 41, 581, 1380, 148, 0, 0, 0, 0
1194, 113, 15, 865, 9, 0, 0, 0, 0
12, 2351, 992, 2352, 1263, 2353, 2354, 2355, 542
18, 419, 15, 26, 170, 8, 8, 0, 0
460, 11, 21, 1381, 501, 434, 109, 0, 0
168, 590, 699, 47, 101, 449, 0, 0, 0
626, 604, 20, 26, 0, 0, 0, 0, 0
179, 1366, 188, 1382, 1373, 759, 188, 0, 0
461, 422, 147, 19, 1308, 1309, 188, 973, 2356
1385, 2357, 1277, 2358, 281, 0, 0, 0, 0
152, 462, 83, 185, 65, 7, 2359, 123, 81
993, 2360, 461, 693, 0, 0, 0, 0, 0
154, 2361, 1223, 211, 302, 421, 1386, 154, 303
9, 5, 106, 2362, 937, 0, 0, 0, 0
205, 994, 2363, 863, 170, 889, 2364, 0, 0
5, 9, 260, 18, 0, 0, 0, 0, 0
893, 2365, 745, 124, 502, 2366, 44, 261, 592
1387, 2367, 2368, 1387, 0, 0, 0, 0, 0
2369, 2370, 154, 22, 370, 0, 0, 0, 0
9, 286, 1313, 221, 982, 390, 138, 454, 84
1388, 186, 100, 6, 2371, 869, 173, 2372, 0
1326, 995, 75, 23, 0, 0, 0, 0, 0
198, 8, 9, 18, 0, 0, 0, 0, 0
1245, 2373, 713, 876, 520, 2374, 760, 304, 439
135, 36, 244, 29, 401, 56, 0, 0, 0
283, 500, 22, 13, 286, 2375, 0, 0, 0
153, 2376, 92, 370, 9, 2377, 113, 18, 0
32, 1378, 995, 2378, 367, 753, 0, 0, 0
75, 341, 158, 75, 98, 0, 0, 0, 0
160, 96, 2379, 96, 60, 996, 98, 1389, 10
997, 336, 187, 2, 39, 0, 0, 0, 0
491, 224, 18, 225, 8, 979, 205, 956, 0
2380, 147, 1390, 67, 530, 444, 0, 0, 0
106, 170, 916, 147, 533, 1391, 1392, 530, 1348
74, 2381, 493, 21, 2382, 978, 1207, 2383, 2384
85, 2385, 2386, 1242, 27, 98, 491, 2387, 303
55, 273, 584, 162, 1393, 1353, 0, 0, 0
2388, 616, 1394, 884, 206, 902, 590, 0, 0
463, 520, 211, 1395, 44, 2389, 609, 0, 0
515, 68, 7, 138, 21, 26, 277, 0, 0
998, 31, 44, 273, 761, 1396, 761, 122, 1397
35, 163, 427, 100, 380, 278, 430, 0, 0
202, 52, 21, 422, 542, 21, 2390, 0, 0
2391, 714, 1296, 2, 0, 0, 0, 0, 0
18, 149, 161, 41, 0, 0, 0, 0, 0
9, 2, 18, 2, 74, 2, 0, 0, 0
10, 341, 9, 376, 911, 0, 0, 0, 0
154, 185, 622, 583, 8, 2392, 762, 0, 0
6, 10, 707, 16, 2393, 26, 29, 0, 0
725, 347, 2394, 2395, 2396, 74, 2, 9, 0
282, 1398, 734, 1335, 609, 151, 99, 0, 0
1399, 149, 28, 1362, 682, 0, 0, 0, 0
5, 7, 158, 533, 1400, 169, 0, 0, 0
9, 370, 51, 71, 1401, 2397, 353, 0, 0
2398, 1241, 151, 86, 0, 0, 0, 0, 0
871, 2399, 39, 1231, 195, 0, 0, 0, 0
2400, 2401, 763, 8, 968, 735, 501, 1402, 2402
1403, 1404, 21, 260, 543, 1405, 2403, 0, 0
211, 392, 8, 368, 601, 343, 64, 15, 2404
216, 1406, 2, 39, 2405, 286, 2406, 338, 0
2407, 35, 351, 692, 10, 354, 0, 0, 0
20, 77, 307, 51, 10, 81, 57, 14, 0
419, 15, 764, 761, 1210, 2408, 2409, 1407, 148
5, 387, 113, 227, 18, 0, 0, 0, 0
318, 875, 305, 67, 338, 1347, 0, 0, 0
45, 8, 69, 321, 245, 2411, 544, 2, 245
462, 2412, 922, 690, 277, 0, 0, 0, 0
1408, 2413, 12, 1316, 906, 78, 373, 495, 169
443, 2414, 1409, 10, 1409, 926, 2415, 134, 169
434, 999, 11, 2, 999, 180, 0, 0, 0
21, 303, 765, 187, 10, 0, 0, 0, 0
914, 58, 736, 1260, 0, 0, 0, 0, 0
420, 1261, 1209, 310, 195, 1410, 766, 39, 766
30, 150, 2416, 78, 2417, 0, 0, 0, 0
622, 15, 436, 585, 1214, 396, 428, 84, 9
2418, 2419, 934, 19, 31, 164, 0, 0, 0
17, 69, 86, 92, 47, 270, 63, 260, 877
2420, 192, 27, 84, 98, 2421, 16, 1412, 10
10, 417, 1413, 1293, 11, 417, 0, 0, 0
2422, 2423, 180, 204, 2424, 1271, 0, 0, 0
333, 269, 231, 231, 35, 2425, 220, 0, 0
41, 545, 2426, 2427, 2428, 58, 753, 2429, 943
2430, 2431, 616, 1386, 0, 0, 0, 0, 0
74, 42, 10, 16, 33, 257, 1414, 0, 0
32, 219, 105, 2432, 417, 2433, 2434, 0, 0
1198, 319, 249, 185, 0, 0, 0, 0, 0
6, 197, 155, 9, 546, 137, 202, 0, 0
18, 9, 17, 2435, 138, 2, 113, 27, 78
1415, 745, 592, 225, 138, 109, 143, 0, 0
9, 1000, 510, 2436, 1416, 1370, 33, 1395, 223
9, 39, 417, 493, 2437, 191, 0, 0, 0
620, 181, 2438, 29, 59, 349, 124, 0, 0
2439, 627, 11, 261, 34, 9, 0, 0, 0
9, 69, 2, 909, 0, 0, 0, 0, 0
906, 443, 134, 868, 190, 322, 921, 162, 0
30, 259, 735, 2440, 0, 0, 0, 0, 0
250, 35, 65, 1417, 99, 260, 0, 0, 0
1418, 185, 2441, 70, 1419, 9, 17, 450, 0
200, 18, 63, 143, 41, 2443, 2444, 185, 1001
932, 211, 372, 1420, 0, 0, 0, 0, 0
74, 447, 18, 5, 0, 0, 0, 0, 0
1002, 245, 2445, 605, 283, 11, 273, 245, 226
2446, 55, 2447, 2448, 44, 45, 767, 0, 0
132, 189, 121, 5, 755, 593, 0, 0, 0
276, 2449, 42, 21, 431, 10, 269, 101, 67
135, 173, 244, 29, 0, 0, 0, 0, 0
10, 57, 2, 41, 58, 984, 75, 0, 0
139, 5, 200, 18, 519, 29, 0, 0, 0
148, 2451, 9, 2452, 228, 2453, 1421, 731, 2454
2455, 162, 336, 81, 23, 181, 21, 2456, 2457
10, 260, 90, 342, 287, 919, 1300, 0, 0
219, 698, 10, 26, 0, 0, 0, 0, 0
18, 5, 15, 1422, 69, 1356, 197, 0, 0
2458, 2459, 519, 346, 1423, 426, 18, 241, 19
263, 222, 62, 99, 35, 464, 91, 6, 0
70, 219, 17, 150, 2460, 2461, 0, 0, 0
61, 75, 2462, 5, 18, 1424, 147, 196, 536
977, 515, 186, 288, 945, 92, 0, 0, 0
23, 34, 1250, 2463, 465, 0, 0, 0, 0
32, 2464, 6, 525, 1425, 174, 2465, 0, 0
182, 628, 2, 188, 88, 86, 2466, 1406, 0
105, 1232, 1426, 96, 87, 1427, 999, 0, 0
18, 109, 9, 308, 0, 0, 0, 0, 0
2467, 609, 491, 450, 8, 2468, 609, 871, 2469
1428, 14, 289, 7, 55, 2471, 87, 338, 1379
62, 866, 1429, 150, 2472, 0, 0, 0, 0
52, 202, 55, 197, 0, 0, 0, 0, 0
317, 768, 282, 2473, 2474, 0, 0, 0, 0
2475, 1430, 147, 489, 151, 2476, 245, 2477, 1288
977, 181, 2478, 154, 162, 1410, 32, 0, 0
1431, 368, 1290, 22, 912, 10, 0, 0, 0
948, 248, 1432, 2479, 1269, 0, 0, 0, 0
319, 112, 221, 21, 444, 184, 0, 0, 0
90, 37, 51, 138, 5, 211, 18, 0, 0
157, 2480, 509, 2481, 2482, 0, 0, 0, 0
964, 1301, 713, 1310, 1360, 2483, 2484, 920, 2485
276, 2486, 95, 2487, 0, 0, 0, 0, 0
22, 98, 8, 434, 117, 27, 347, 0, 0
504, 533, 132, 578, 497, 0, 0, 0, 0
83, 2488, 112, 276, 380, 0, 0, 0, 0
77, 2489, 1411, 492, 122, 8, 154, 627, 511
225, 1266, 1267, 30, 139, 870, 114, 300, 8
79, 2490, 76, 1003, 1279, 167, 20, 264, 0
35, 187, 2491, 9, 0, 0, 0, 0, 0
31, 115, 764, 2492, 20, 8, 2493, 0, 0
11, 133, 2494, 388, 92, 34, 0, 0, 0
55, 9, 2495, 276, 0, 0, 0, 0, 0
865, 180, 2496, 302, 769, 2497, 342, 491, 0
770, 2498, 533, 771, 1004, 2499, 402, 507, 84
991, 51, 173, 65, 29, 613, 315, 0, 0
59, 7, 150, 46, 2500, 2501, 965, 2502, 0
2503, 353, 2504, 523, 0, 0, 0, 0, 0
128, 33, 1237, 2505, 286, 987, 0, 0, 0
30, 286, 958, 245, 44, 1433, 437, 424, 0
13, 355, 371, 1221, 0, 0, 0, 0, 0
22, 242, 629, 454, 84, 534, 577, 0, 0
24, 66, 75, 20, 21, 2506, 355, 32, 6
9, 2507, 2508, 51, 2, 0, 0, 0, 0
90, 202, 308, 9, 2509, 109, 18, 10, 0
10, 751, 341, 9, 234, 115, 137, 0, 0
2510, 352, 1005, 593, 253, 548, 0, 0, 0
338, 57, 758, 1340, 2511, 942, 898, 0, 0
931, 369, 57, 1434, 598, 57, 2512, 401, 150
135, 2513, 26, 29, 0, 0, 0, 0, 0
241, 1384, 15, 2514, 0, 0, 0, 0, 0
2515, 701, 304, 216, 736, 1435, 0, 0, 0
2516, 2517, 2518, 2519, 682, 549, 616, 2520, 1420
248, 687, 11, 520, 60, 1006, 223, 0, 0
10, 215, 39, 417, 0, 0, 0, 0, 0
457, 916, 947, 23, 443, 155, 546, 19, 0
22, 735, 67, 7, 1342, 106, 113, 339, 147
98, 8, 276, 536, 2521, 1436, 2522, 938, 2523
302, 282, 1007, 182, 0, 0, 0, 0, 0
9, 69, 550, 2524, 0, 0, 0, 0, 0
678, 168, 509, 15, 2525, 13, 9, 235, 0
150, 16, 1437, 169, 2526, 2527, 21, 2528, 958
630, 2529, 2530, 26, 421, 1438, 425, 1380, 2531
42, 240, 107, 200, 18, 375, 1197, 2532, 2533
101, 123, 379, 2534, 192, 1008, 957, 0, 0
2535, 222, 172, 202, 150, 2536, 550, 0, 0
2537, 490, 57, 981, 1439, 441, 0, 0, 0
183, 24, 334, 2538, 0, 0, 0, 0, 0
34, 18, 188, 10, 165, 957, 18, 318, 75
20, 73, 145, 335, 10, 173, 29, 2539, 0
139, 1422, 90, 139, 429, 325, 2540, 872, 186
596, 438, 33, 34, 0, 0, 0, 0, 0
310, 255, 84, 2541, 1350, 0, 0, 0, 0
138, 201, 202, 2542, 138, 2543, 281, 0, 0
528, 165, 2544, 1010, 0, 0, 0, 0, 0
13, 1011, 73, 158, 632, 11, 631, 8, 10
1440, 598, 1397, 424, 0, 0, 0, 0, 0
333, 254, 7, 315, 532, 52, 284, 47, 9
10, 150, 1441, 16, 17, 383, 279, 755, 0
263, 1248, 1399, 2545, 458, 466, 115, 180, 0
692, 2546, 1, 16, 261, 58, 248, 244, 75
2547, 96, 704, 248, 2548, 0, 0, 0, 0
290, 336, 2549, 904, 2550, 543, 34, 372, 736
605, 2551, 717, 2552, 2553, 433, 601, 343, 0
1006, 223, 549, 1435, 758, 0, 0, 0, 0
11, 633, 10, 1442, 1443, 0, 0, 0, 0
16, 397, 10, 1375, 2554, 0, 0, 0, 0
2555, 960, 69, 245, 2556, 2557, 9, 216, 0
1444, 125, 7, 10, 398, 0, 0, 0, 0
505, 197, 165, 84, 105, 717, 741, 2558, 162
42, 9, 223, 1323, 711, 0, 0, 0, 0
198, 187, 16, 26, 29, 0, 0, 0, 0
92, 1225, 42, 14, 26, 2559, 219, 165, 7
89, 2560, 883, 2561, 1446, 7, 242, 454, 534
2562, 2563, 1, 2564, 2565, 772, 232, 0, 0
160, 355, 766, 25, 634, 747, 352, 503, 0
1447, 15, 548, 49, 149, 110, 118, 206, 2568
58, 140, 235, 1013, 0, 0, 0, 0, 0
66, 1, 2569, 348, 126, 324, 291, 492, 627
1, 381, 236, 467, 773, 2570, 12, 373, 597
292, 1, 337, 155, 2, 727, 2, 1014, 321
179, 552, 1448, 276, 2571, 2572, 0, 0, 0
1, 720, 67, 2573, 19, 27, 45, 767, 0
324, 19, 2574, 547, 0, 0, 0, 0, 0
68, 64, 1, 1015, 81, 206, 68, 326, 0
546, 49, 998, 689, 233, 774, 775, 46, 0
776, 777, 62, 778, 440, 756, 3, 17, 27
1449, 2576, 403, 49, 2577, 464, 468, 779, 1450
1451, 211, 1017, 780, 1018, 1019, 780, 0, 0
1034, 718, 1, 2653, 628, 2654, 1, 437, 2655
37, 1, 23, 389, 48, 0, 0, 0, 0
17, 1, 436, 2656, 2657, 0, 0, 0, 0
198, 3, 210, 2658, 0, 0, 0, 0, 0
459, 2659, 2660, 1475, 293, 788, 7, 0, 0
1035, 1036, 14, 472, 1476, 1037, 0, 0, 0
194, 644, 57, 334, 95, 2661, 2662, 3, 26
475, 224, 1477, 2663, 409, 0, 0, 0, 0
2664, 2665, 514, 3, 408, 1471, 7, 0, 0
66, 643, 176, 789, 1038, 25, 2666, 89, 65
177, 2667, 80, 2668, 507, 0, 0, 0, 0
473, 1478, 1038, 176, 7, 524, 526, 1478, 1479
2674, 39, 45, 1385, 1480, 327, 91, 6, 153
1404, 2676, 166, 790, 171, 1482, 2677, 3, 13
49, 13, 787, 309, 2678, 2679, 0, 0, 0
408, 15, 1483, 469, 0, 0, 0, 0, 0
31, 11, 137, 130, 1039, 347, 196, 0, 0
32, 1482, 23, 36, 82, 1, 1484, 0, 0
121, 352, 621, 30, 454, 29, 0, 0, 0
1449, 207, 180, 1485, 0, 0, 0, 0, 0
457, 2680, 778, 30, 358, 34, 71, 529, 171
468, 403, 628, 101, 2, 0, 0, 0, 0
1040, 2681, 753, 537, 130, 36, 528, 2682, 1
556, 790, 45, 249, 0, 0, 0, 0, 0
66, 2683, 2684, 2685, 0, 0, 0, 0, 0
1032, 118, 110, 2686, 546, 791, 0, 0, 0
2688, 2689, 2690, 1486, 2691, 1023, 477, 11, 199
2692, 389, 2693, 128, 0, 0, 0, 0, 0
5, 3, 5, 213, 0, 0, 0, 0, 0
1487, 953, 27, 757, 1488, 26, 108, 127, 169
140, 3, 11, 41, 0, 0, 0, 0, 0
203, 1489, 102, 26, 46, 0, 0, 0, 0
247, 1, 39, 33, 0, 0, 0, 0, 0
97, 155, 80, 378, 1490, 233, 646, 2694, 2695
2696, 439, 285, 221, 46, 102, 2697, 2698, 792
128, 44, 24, 250, 198, 1491, 476, 1, 0
264, 16, 776, 15, 2701, 2702, 1483, 1041, 2703
252, 782, 1, 44, 192, 2704, 241, 1042, 0
149, 1043, 19, 283, 2705, 0, 0, 0, 0
340, 259, 80, 2706, 3, 0, 0, 0, 0
30, 1044, 15, 171, 96, 677, 1494, 1495, 0
373, 1045, 794, 2707, 2708, 251, 1010, 0, 0
446, 26, 233, 294, 7, 21, 1030, 508, 64
292, 2710, 134, 169, 2711, 92, 0, 0, 0
2713, 66, 66, 694, 58, 39, 1496, 1046, 1047
1497, 795, 3, 971, 2714, 2715, 796, 1048, 0
57, 156, 439, 340, 24, 87, 12, 1049, 1498
7, 1499, 975, 57, 346, 2716, 1500, 2717, 89
76, 2718, 1501, 286, 264, 0, 0, 0, 0
100, 647, 462, 14, 137, 1502, 2719, 589, 0
1023, 887, 72, 199, 464, 70, 82, 2720, 603
501, 1472, 27, 2721, 325, 2722, 2723, 7, 3
320, 320, 13, 3, 0, 0, 0, 0, 0
49, 109, 207, 231, 0, 0, 0, 0, 0
441, 39, 1, 30, 2724, 16, 2725, 2726, 0
22, 71, 956, 46, 2727, 1503, 378, 764, 2728
70, 121, 352, 2729, 1504, 0, 0, 0, 0
2730, 1505, 52, 21, 2731, 0, 0, 0, 0
925, 1, 57, 33, 281, 0, 0, 0, 0
26, 46, 1, 454, 2732, 2733, 291, 1040, 0
20, 42, 23, 17, 1414, 1, 1506, 33, 0
471, 705, 967, 16, 2735, 203, 1415, 46, 357
1045, 2736, 25, 540, 1507, 1508, 1509, 1510, 2737
76, 1512, 235, 1485, 2741, 2742, 156, 2743, 2744
797, 2747, 133, 798, 73, 1514, 2748, 13, 31
8, 1, 2749, 1051, 295, 60, 1, 8, 6
1052, 558, 2750, 107, 2751, 2752, 2753, 0, 0
92, 130, 3, 242, 2, 62, 121, 1515, 2755
1403, 2756, 2757, 2758, 107, 2759, 2760, 477, 3
285, 460, 2761, 2, 39, 0, 0, 0, 0
2762, 799, 2763, 1053, 84, 2764, 536, 1453, 1516
640, 208, 2765, 463, 2766, 800, 0, 0, 0
278, 15, 51, 800, 0, 0, 0, 0, 0
457, 16, 447, 1517, 2767, 0, 0, 0, 0
801, 38, 199, 161, 0, 0, 0, 0, 0
1518, 631, 46, 649, 12, 2770, 104, 559, 1519
1056, 2772, 2773, 1442, 708, 891, 65, 649, 38
1, 2774, 207, 436, 475, 0, 0, 0, 0
1, 549, 1201, 1520, 44, 11, 12, 1057, 0
1, 100, 546, 646, 0, 0, 0, 0, 0
632, 2784, 2785, 709, 2786, 632, 5, 2787, 1059
21, 70, 166, 1, 724, 2918, 2919, 1033, 357
686, 1084, 558, 300, 1564, 153, 24, 686, 31
35, 2923, 1057, 2924, 1418, 2925, 1085, 25, 33
329, 2926, 1392, 656, 2927, 2928, 760, 0, 0
2929, 21, 46, 788, 122, 175, 212, 1565, 0
232, 11, 176, 1567, 760, 2931, 2932, 320, 813
25, 3, 1491, 14, 358, 0, 0, 0, 0
2953, 15, 13, 60, 24, 755, 816, 109, 1
429, 168, 897, 34, 237, 2954, 2955, 68, 0
15, 32, 13, 1, 171, 1, 0, 0, 0
16, 91, 2956, 406, 459, 30, 0, 0, 0
2957, 42, 19, 80, 561, 1573, 2958, 25, 71
221, 51, 1574, 791, 126, 130, 0, 0, 0
1, 2959, 2960, 1, 532, 205, 107, 158, 610
56, 1, 102, 8, 2, 1575, 158, 1, 746
31, 983, 321, 21, 151, 547, 171, 0, 0
6, 19, 1, 116, 407, 2961, 2962, 0, 0
33, 210, 411, 475, 301, 2963, 2964, 0, 0
81, 49, 403, 655, 0, 0, 0, 0, 0
1026, 2966, 77, 39, 207, 1576, 280, 25, 119
78, 1526, 985, 2967, 236, 752, 1577, 84, 634
83, 25, 986, 656, 105, 1332, 0, 0, 0
225, 230, 65, 2968, 151, 133, 608, 0, 0
24, 1578, 2969, 24, 2970, 679, 25, 234, 642
1548, 129, 2971, 22, 642, 0, 0, 0, 0
110, 57, 33, 59, 159, 477, 0, 0, 0
558, 91, 25, 796, 44, 11, 12, 451, 110
373, 929, 551, 1579, 1568, 287, 818, 199, 0
46, 135, 595, 1580, 0, 0, 0, 0, 0
2980, 718, 24, 743, 1, 2, 49, 334, 774
260, 1, 117, 2981, 0, 0, 0, 0, 0
1581, 1582, 2983, 102, 1583, 2984, 2985, 375, 249
563, 258, 52, 1584, 800, 135, 516, 171, 7
2987, 1585, 33, 2988, 357, 2989, 233, 101, 1513
24, 495, 130, 2990, 24, 680, 199, 411, 52
820, 36, 21, 52, 29, 0, 0, 0, 0
42, 85, 107, 433, 253, 1090, 2991, 12, 0
255, 190, 2992, 12, 129, 2993, 196, 821, 0
30, 88, 2994, 255, 2995, 0, 0, 0, 0
72, 2996, 2997, 1564, 232, 236, 0, 0, 0
130, 3, 631, 1091, 12, 1474, 0, 0, 0
1, 102, 1025, 236, 1562, 810, 2998, 1425, 553
1035, 1036, 46, 85, 2999, 1586, 3000, 802, 0
552, 3002, 1589, 3003, 378, 3004, 3005, 3006, 553
3017, 3018, 3019, 1094, 3020, 3021, 3022, 145, 934
36, 1592, 102, 3026, 275, 439, 1096, 27, 231
1593, 21, 21, 78, 3027, 0, 0, 0, 0
3029, 1576, 823, 232, 2, 3030, 823, 3031, 187
206, 324, 384, 409, 3032, 3033, 0, 0, 0
642, 31, 384, 409, 39, 3034, 3035, 262, 3036
384, 409, 1098, 1594, 88, 3037, 1051, 3038, 3039
3041, 1291, 77, 3042, 59, 107, 3043, 101, 14
2, 403, 22, 24, 3044, 3045, 45, 196, 0
2, 3046, 337, 32, 1595, 3, 137, 480, 0
63, 37, 3047, 3, 524, 42, 61, 143, 0
1596, 404, 2, 347, 2, 1567, 1099, 1088, 0
3048, 3, 161, 225, 69, 404, 0, 0, 0
3049, 1593, 1202, 3050, 3051, 0, 0, 0, 0
11, 824, 1424, 224, 230, 0, 0, 0, 0
3052, 3053, 61, 143, 111, 0, 0, 0, 0
439, 34, 481, 1505, 337, 0, 0, 0, 0
129, 11, 8, 1, 0, 0, 0, 0, 0
16, 3054, 412, 825, 111, 0, 0, 0, 0
92, 615, 3057, 3058, 3059, 379, 1441, 3060, 280
351, 1, 281, 11, 13, 0, 0, 0, 0
8, 931, 88, 316, 394, 457, 149, 3061, 0
205, 3071, 1539, 384, 1100, 481, 1598, 1570, 3072
3076, 176, 3077, 32, 3078, 93, 3079, 83, 329
3080, 3081, 1600, 87, 3082, 826, 3083, 0, 0
116, 27, 826, 199, 253, 3084, 1102, 3085, 578
3086, 49, 640, 408, 13, 111, 1324, 481, 1417
621, 30, 1601, 1030, 306, 3087, 0, 0, 0
255, 13, 401, 45, 10, 3088, 791, 0, 0
8, 27, 1272, 3093, 943, 1604, 353, 3094, 3095
376, 925, 1066, 653, 0, 0, 0, 0, 0
3, 13, 20, 259, 6, 275, 102, 30, 1605
627, 1607, 203, 1058, 470, 372, 125, 7, 1
142, 7, 786, 16, 56, 102, 17, 46, 3
1065, 482, 117, 47, 644, 31, 3098, 3099, 3100
3102, 3103, 3104, 3105, 469, 323, 139, 3106, 3107
625, 115, 109, 226, 0, 0, 0, 0, 0
386, 3111, 3112, 787, 3113, 129, 12, 286, 3114
47, 255, 55, 145, 3115, 1104, 0, 0, 0
1498, 97, 3, 33, 65, 208, 71, 3118, 1517
2, 143, 101, 3119, 0, 0, 0, 0, 0
110, 44, 3121, 33, 3, 251, 1105, 3122, 974
272, 3123, 139, 480, 13, 544, 1002, 0, 0
134, 52, 1, 22, 13, 14, 0, 0, 0
3124, 3125, 131, 3126, 3127, 1106, 118, 0, 0
49, 3128, 1107, 230, 231, 564, 3129, 3130, 1
413, 374, 890, 1108, 210, 251, 443, 798, 135
259, 1056, 2, 143, 3133, 1609, 127, 0, 0
8, 654, 20, 90, 6, 259, 3, 137, 7
1109, 184, 286, 3134, 0, 0, 0, 0, 0
110, 104, 3135, 323, 49, 151, 1222, 0, 0
15, 2, 3136, 306, 0, 0, 0, 0, 0
115, 3137, 1110, 1060, 0, 0, 0, 0, 0
697, 1495, 658, 199, 3138, 46, 6, 244, 0
3, 40, 307, 3139, 630, 3140, 1303, 0, 0
392, 657, 1111, 1211, 323, 1070, 0, 0, 0
21, 234, 295, 133, 3141, 0, 0, 0, 0
6, 251, 620, 1610, 1, 1611, 123, 0, 0
73, 1612, 482, 58, 809, 111, 49, 13, 111
3142, 3143, 15, 13, 1589, 3144, 206, 1613, 0
1112, 119, 1614, 1615, 1616, 58, 793, 119, 62
801, 3, 548, 3145, 84, 0, 0, 0, 0
827, 1617, 66, 1618, 3146, 0, 0, 0, 0
31, 231, 1614, 49, 3147, 1062, 0, 0, 0
470, 1619, 65, 708, 1618, 0, 0, 0, 0
980, 187, 25, 358, 0, 0, 0, 0, 0
1111, 292, 3, 5, 31, 93, 3148, 80, 0
825, 624, 3160, 3161, 3162, 690, 1336, 478, 3163
15, 3164, 45, 294, 0, 0, 0, 0, 0
393, 1621, 45, 1622, 8, 1586, 0, 0, 0
110, 3165, 408, 327, 8, 1623, 1113, 0, 0
1624, 217, 21, 325, 279, 71, 142, 739, 7
3167, 13, 1, 1578, 0, 0, 0, 0, 0
237, 3168, 31, 24, 58, 686, 0, 0, 0
106, 3178, 1302, 556, 3179, 240, 240, 27, 307
1625, 207, 285, 27, 15, 231, 13, 468, 0
258, 177, 30, 262, 1104, 3180, 274, 1624, 3181
21, 327, 1289, 5, 971, 3182, 63, 3183, 3184
5, 473, 158, 828, 1626, 127, 1111, 205, 32
3186, 3187, 820, 6, 19, 230, 69, 48, 385
3188, 177, 179, 997, 442, 46, 80, 814, 82
1, 166, 96, 1627, 322, 59, 52, 0, 0
198, 754, 1, 1104, 0, 0, 0, 0, 0
1628, 60, 102, 73, 465, 3190, 272, 73, 3191
3194, 140, 16, 3195, 58, 1430, 15, 301, 773
1115, 3196, 3197, 1240, 3198, 3199, 143, 0, 0
280, 1629, 3200, 144, 483, 3, 21, 46, 771
1, 1630, 3201, 1631, 59, 39, 0, 0, 0
3202, 872, 1, 24, 1, 962, 1582, 1105, 353
3203, 3204, 3205, 211, 412, 3206, 232, 104, 264
1, 2, 1633, 1116, 89, 0, 0, 0, 0
105, 1634, 196, 743, 1480, 0, 0, 0, 0
3207, 3208, 1536, 3, 1635, 3209, 3210, 0, 0
522, 105, 355, 681, 3, 0, 0, 0, 0
402, 634, 3211, 1636, 3, 0, 0, 0, 0
243, 810, 3212, 891, 529, 371, 388, 300, 1117
3213, 1575, 829, 91, 141, 136, 0, 0, 0
451, 177, 22, 175, 14, 0, 0, 0, 0
403, 1523, 899, 141, 1637, 3214, 3215, 3216, 3217
737, 52, 3, 263, 275, 155, 0, 0, 0
352, 39, 3, 263, 1638, 0, 0, 0, 0
7, 3, 576, 1506, 3218, 0, 0, 0, 0
3, 381, 784, 111, 0, 0, 0, 0, 0
45, 3219, 3220, 472, 3221, 1639, 1640, 111, 3222
3223, 1119, 110, 1579, 3224, 71, 382, 111, 79
135, 3225, 116, 17, 82, 402, 89, 0, 0
3226, 642, 3227, 116, 17, 82, 0, 0, 0
3228, 16, 1641, 246, 37, 10, 453, 252, 1642
3229, 3230, 523, 1644, 46, 1645, 1646, 3231, 1
22, 215, 1011, 46, 11, 11, 13, 80, 564
1120, 307, 116, 71, 800, 0, 0, 0, 0
3232, 7, 249, 1647, 0, 0, 0, 0, 0
3233, 1061, 3234, 122, 401, 1648, 442, 33, 116
496, 116, 13, 15, 1097, 177, 636, 709, 116
3237, 347, 101, 3238, 3239, 1650, 3240, 1063, 1
1072, 1082, 1651, 3244, 6, 16, 261, 5, 335
3245, 25, 229, 3246, 3247, 0, 0, 0, 0
1494, 3248, 1123, 1621, 131, 1650, 1121, 0, 0
156, 22, 3249, 3250, 40, 1652, 255, 1436, 1653
470, 3251, 659, 586, 0, 0, 0, 0, 0
830, 654, 1, 305, 550, 0, 0, 0, 0
77, 97, 20, 73, 566, 0, 0, 0, 0
11, 176, 136, 3252, 3253, 1423, 3254, 204, 429
1651, 1656, 5, 177, 217, 358, 107, 11, 14
1, 24, 67, 830, 1125, 0, 0, 0, 0
37, 60, 1126, 1509, 1126, 523, 3255, 217, 0
679, 144, 177, 1092, 383, 204, 3259, 3260, 3261
1658, 272, 45, 3262, 652, 3, 3263, 3264, 25
401, 46, 1, 432, 0, 0, 0, 0, 0
3265, 3266, 3267, 405, 3, 404, 553, 0, 0
649, 3268, 764, 811, 48, 135, 1381, 3269, 3270
266, 140, 563, 3272, 94, 3273, 305, 761, 3274
128, 480, 293, 48, 1127, 3275, 3, 194, 0
831, 378, 1228, 3276, 157, 880, 789, 3277, 39
47, 1074, 1661, 831, 19, 3, 15, 85, 48
1094, 768, 165, 52, 3281, 3282, 3283, 288, 1121
1663, 77, 1664, 3284, 190, 95, 1665, 12, 3
314, 3285, 1545, 780, 0, 0, 0, 0, 0
1635, 6, 756, 3294, 17, 1029, 3295, 3296, 3297
20, 42, 1199, 28, 1043, 0, 0, 0, 0
240, 13, 3, 17, 27, 0, 0, 0, 0
1, 655, 1098, 13, 110, 13, 544, 39, 0
2, 80, 8, 3299, 1128, 24, 615, 246, 8
3, 109, 832, 1419, 1129, 0, 0, 0, 0
272, 566, 3300, 49, 190, 833, 3301, 13, 0
111, 145, 1049, 246, 0, 0, 0, 0, 0
229, 3303, 29, 300, 1667, 3304, 3305, 87, 3306
567, 1343, 1, 3309, 775, 104, 73, 909, 3
1, 1662, 476, 10, 0, 0, 0, 0, 0
3, 45, 159, 216, 0, 0, 0, 0, 0
6, 504, 779, 381, 1668, 3310, 0, 0, 0
3311, 36, 146, 14, 963, 285, 104, 12, 0
739, 516, 8, 30, 824, 3313, 3314, 820, 1608
3315, 1341, 3316, 127, 294, 0, 0, 0, 0
91, 832, 832, 3320, 3321, 266, 194, 57, 174
3322, 32, 1670, 3323, 3324, 1322, 0, 0, 0
109, 1672, 27, 477, 1, 1439, 8, 3326, 3327
206, 1673, 171, 119, 58, 3328, 109, 3329, 3330
1658, 109, 833, 3, 1629, 3331, 0, 0, 0
460, 288, 630, 812, 207, 603, 1625, 3333, 1561
1054, 356, 3336, 3337, 1024, 446, 285, 173, 1674
1613, 351, 618, 3340, 744, 372, 1675, 355, 3341
3342, 3343, 37, 1, 1058, 1043, 58, 398, 543
3344, 177, 22, 3345, 111, 3346, 33, 811, 462
128, 334, 49, 411, 394, 12, 1130, 31, 0
834, 3347, 3348, 3349, 3350, 5, 107, 314, 0
441, 1, 21, 231, 0, 0, 0, 0, 0
110, 291, 65, 37, 10, 0, 0, 0, 0
3351, 423, 31, 1118, 7, 3, 455, 95, 1676
1677, 3352, 647, 1, 807, 564, 0, 0, 0
76, 259, 295, 15, 1678, 0, 0, 0, 0
3353, 1376, 13, 222, 0, 0, 0, 0, 0
3354, 51, 322, 145, 7, 15, 3355, 3356, 648
984, 3358, 6, 1596, 176, 3359, 648, 17, 824
3360, 51, 322, 59, 440, 791, 53, 3361, 116
27, 1088, 499, 39, 269, 726, 3362, 3363, 3364
25, 176, 3365, 1017, 833, 25, 0, 0, 0
59, 440, 25, 547, 1679, 806, 833, 0, 0
59, 1680, 72, 279, 3366, 3367, 3368, 3369, 3370
1681, 48, 152, 16, 11, 3371, 73, 14, 139
3372, 41, 786, 463, 466, 209, 452, 129, 0
234, 680, 342, 624, 220, 0, 0, 0, 0
292, 1, 155, 199, 1, 0, 0, 0, 0
15, 199, 155, 544, 1682, 1131, 1132, 0, 0
693, 1133, 1134, 3373, 0, 0, 0, 0, 0
1636, 835, 1, 1682, 1131, 1132, 133, 1134, 0
295, 22, 60, 3374, 3, 24, 1683, 0, 0
20, 142, 7, 130, 3375, 3376, 3, 0, 0
259, 3377, 144, 220, 14, 0, 0, 0, 0
126, 542, 1, 26, 42, 63, 1000, 104, 24
25, 210, 11, 271, 0, 0, 0, 0, 0
3378, 462, 5, 625, 3379, 324, 327, 832, 0
1688, 1432, 3396, 3397, 3398, 3399, 1687, 3400, 3401
3406, 3407, 230, 386, 557, 7, 25, 643, 453
899, 3409, 1019, 313, 1, 1114, 1090, 529, 3410
196, 45, 3412, 688, 784, 1070, 3413, 805, 12
1694, 801, 356, 124, 3414, 3415, 1690, 659, 3416
3417, 3, 400, 463, 0, 0, 0, 0, 0
292, 3, 770, 5, 3, 0, 0, 0, 0
155, 1695, 1696, 660, 3418, 124, 532, 1081, 80
49, 3419, 3420, 1572, 3421, 660, 327, 277, 0
660, 80, 3422, 1081, 80, 3423, 130, 3, 410
115, 251, 3, 3424, 5, 194, 0, 0, 0
3425, 3426, 3427, 1045, 30, 33, 3428, 14, 1697
559, 90, 3429, 3430, 3431, 44, 21, 657, 979
3433, 3434, 410, 981, 1479, 3435, 110, 3436, 3437
1135, 381, 3442, 3443, 560, 144, 204, 3444, 314
3445, 284, 114, 85, 3, 5, 805, 3446, 0
3, 1699, 1122, 279, 446, 1344, 3447, 3448, 3
1699, 1122, 6, 3449, 19, 1619, 3450, 3451, 0
3452, 1115, 3, 161, 529, 171, 0, 0, 0
295, 286, 476, 782, 3, 1099, 1633, 107, 0
177, 106, 1700, 740, 0, 0, 0, 0, 0
1, 3453, 294, 172, 15, 824, 0, 0, 0
563, 248, 3456, 51, 184, 51, 3457, 3458, 3459
184, 168, 49, 34, 0, 0, 0, 0, 0
143, 3460, 3461, 3462, 312, 3463, 3464, 1136, 1702
421, 1136, 1702, 264, 963, 3465, 3466, 3467, 1703
133, 293, 3468, 3469, 3, 0, 0, 0, 0
1704, 3470, 323, 602, 3471, 221, 646, 1637, 46
20, 1488, 3472, 137, 58, 3473, 3474, 0, 0
47, 2, 80, 122, 0, 0, 0, 0, 0
22, 5, 468, 1587, 0, 0, 0, 0, 0
1017, 1705, 221, 1705, 351, 0, 0, 0, 0
3481, 1708, 1709, 726, 1137, 300, 326, 24, 210
556, 45, 8, 3486, 409, 3487, 195, 1524, 1710
32, 827, 1709, 3488, 3489, 6, 0, 0, 0
555, 3492, 3493, 3494, 3495, 1077, 1665, 3496, 1664
38, 266, 3497, 1680, 3498, 24, 656, 743, 648
128, 1050, 1533, 1076, 27, 3, 1529, 565, 1542
132, 656, 1714, 1556, 3502, 318, 14, 1679, 1110
1715, 149, 822, 306, 7, 3503, 166, 3504, 3505
591, 1552, 3506, 3507, 3, 3508, 12, 1716, 6
191, 3509, 561, 378, 1031, 778, 85, 143, 412
3510, 140, 3511, 1510, 3512, 0, 0, 0, 0
1087, 175, 3514, 3515, 204, 1558, 3516, 3517, 3518
3520, 3521, 228, 65, 326, 1661, 1717, 1085, 3522
22, 68, 1130, 1096, 32, 0, 0, 0, 0
773, 3523, 36, 553, 300, 1047, 33, 3524, 77
3525, 3526, 2, 1, 11, 24, 1328, 0, 0
2, 3, 5, 213, 0, 0, 0, 0, 0
100, 6, 34, 659, 82, 254, 158, 688, 3527
250, 1719, 3532, 671, 3533, 549, 1119, 66, 66
76, 46, 1, 3534, 102, 93, 3535, 677, 3536
13, 194, 137, 480, 382, 0, 0, 0, 0
3537, 3538, 660, 87, 404, 0, 0, 0, 0
239, 3542, 1019, 659, 353, 1720, 1630, 3, 8
6, 1721, 1720, 3543, 3, 0, 0, 0, 0
14, 291, 769, 13, 0, 0, 0, 0, 0
308, 3544, 1722, 1723, 408, 87, 481, 0, 0
13, 136, 175, 3545, 3546, 661, 3547, 313, 7
3, 133, 3548, 116, 548, 411, 66, 0, 0
47, 13, 561, 3549, 3550, 326, 1634, 156, 0
6, 70, 116, 7, 0, 0, 0, 0, 0
996, 1656, 3551, 1461, 1116, 16, 131, 367, 3552
966, 661, 3553, 1133, 3554, 3555, 3556, 409, 80
36, 683, 1724, 1725, 131, 1133, 107, 0, 0
238, 46, 321, 3557, 297, 1623, 1113, 215, 116
781, 16, 19, 39, 1140, 0, 0, 0, 0
177, 77, 39, 917, 3558, 3559, 770, 3560, 3561
3562, 3, 3563, 552, 3564, 3565, 1473, 3566, 25
1726, 255, 88, 563, 3, 3567, 1016, 0, 0
35, 145, 351, 3568, 212, 1, 3569, 3570, 3571
118, 511, 836, 81, 345, 0, 0, 0, 0
126, 34, 1, 3572, 0, 0, 0, 0, 0
279, 118, 20, 142, 7, 125, 6, 13, 93
3573, 1, 262, 1727, 629, 0, 0, 0, 0
161, 203, 1140, 3574, 3575, 3576, 3, 0, 0
3577, 1697, 1530, 246, 6, 3578, 1, 23, 82
438, 15, 1728, 3579, 3580, 1, 0, 0, 0
597, 1722, 3581, 1, 0, 0, 0, 0, 0
317, 137, 886, 321, 7, 0, 0, 0, 0
41, 3582, 861, 169, 1502, 0, 0, 0, 0
1, 253, 85, 1064, 1527, 3583, 0, 0, 0
5, 140, 514, 1039, 0, 0, 0, 0, 0
1512, 3584, 662, 3585, 1029, 519, 3586, 654, 0
189, 85, 98, 2, 327, 0, 0, 0, 0
393, 1075, 1075, 600, 59, 1092, 158, 0, 0
192, 46, 1280, 93, 3587, 518, 250, 798, 3588
1, 206, 411, 66, 58, 483, 0, 0, 0
418, 837, 3589, 1519, 557, 464, 3590, 3591, 3592
49, 565, 641, 1139, 277, 1729, 1730, 22, 2
2, 3, 1076, 5, 3593, 32, 0, 0, 0
5, 80, 91, 136, 24, 98, 25, 3596, 1554
1729, 1730, 25, 407, 91, 419, 974, 264, 81
538, 1230, 724, 247, 1, 0, 0, 0, 0
3597, 3598, 247, 3599, 3600, 3601, 34, 3602, 558
2, 3604, 10, 1731, 37, 3605, 3606, 1141, 66
351, 406, 541, 744, 1031, 587, 353, 3607, 3608
373, 247, 3609, 3610, 639, 0, 0, 0, 0
3611, 66, 127, 3612, 0, 0, 0, 0, 0
944, 3, 85, 1732, 371, 0, 0, 0, 0
777, 271, 32, 104, 554, 1227, 1138, 3614, 3615
3616, 737, 320, 617, 3, 0, 0, 0, 0
3, 1468, 3617, 3618, 1733, 2, 783, 1142, 3619
6, 19, 759, 651, 1123, 0, 0, 0, 0
3623, 3624, 1085, 3625, 38, 8, 244, 3626, 1028
47, 1734, 674, 230, 157, 749, 351, 1142, 404
1, 210, 838, 127, 0, 0, 0, 0, 0
247, 39, 3627, 3628, 25, 825, 81, 319, 696
63, 1091, 126, 1735, 936, 208, 3629, 63, 662
3630, 1102, 1462, 207, 93, 1394, 227, 0, 0
3631, 66, 1, 174, 1497, 25, 126, 456, 3632
180, 479, 257, 1560, 266, 0, 0, 0, 0
759, 724, 806, 191, 5, 3, 161, 68, 0
1119, 3636, 3637, 838, 1736, 926, 107, 174, 99
67, 71, 303, 797, 63, 1, 67, 1, 437
1, 1, 818, 838, 212, 358, 49, 3638, 1631
140, 1143, 3639, 1079, 19, 1712, 23, 17, 683
839, 3, 20, 45, 68, 0, 0, 0, 0
110, 1134, 104, 1069, 1737, 39, 3640, 0, 0
3641, 137, 6, 275, 7, 0, 0, 0, 0
292, 410, 344, 29, 1352, 179, 0, 0, 0
27, 14, 343, 1096, 1739, 1004, 677, 1742, 3643
32, 1372, 1, 477, 1, 6, 1074, 39, 0
90, 71, 1701, 646, 6, 0, 0, 0, 0
1743, 359, 1731, 3644, 826, 3645, 3646, 1109, 0
3648, 1703, 1744, 3649, 3650, 257, 1053, 34, 1407
14, 1745, 1746, 6, 19, 1743, 659, 23, 82
3651, 3652, 344, 359, 21, 1747, 141, 136, 1725
298, 568, 663, 636, 107, 0, 0, 0, 0
81, 68, 3654, 369, 2, 1748, 1691, 1543, 3655
85, 3656, 171, 388, 21, 1073, 840, 1065, 0
586, 49, 72, 25, 1041, 205, 266, 3657, 345
250, 3658, 763, 8, 3659, 3660, 0, 0, 0
99, 3661, 1749, 1120, 3662, 70, 406, 0, 0
3667, 8, 3668, 3669, 3670, 3671, 1346, 554, 3672
3, 376, 453, 3679, 699, 1141, 3680, 1717, 3681
10, 2, 3, 481, 0, 0, 0, 0, 0
464, 464, 3, 1247, 1349, 0, 0, 0, 0
324, 152, 232, 1751, 772, 358, 3685, 77, 797
403, 3, 325, 210, 39, 0, 0, 0, 0
519, 1114, 3686, 3687, 3, 0, 0, 0, 0
3, 543, 77, 580, 3688, 0, 0, 0, 0
274, 3693, 818, 1, 841, 479, 3694, 61, 3
40, 564, 140, 358, 564, 3696, 6, 141, 600
3702, 15, 230, 130, 1, 621, 191, 1351, 3703
1746, 3, 710, 1144, 3704, 0, 0, 0, 0
1469, 3705, 1559, 3706, 3707, 0, 0, 0, 0
595, 810, 3708, 26, 1141, 99, 0, 0, 0
49, 697, 261, 177, 279, 3709, 0, 0, 0
68, 372, 3714, 1364, 1365, 24, 237, 547, 1535
1707, 656, 412, 3717, 3718, 3719, 3720, 1740, 1503
96, 7, 124, 3721, 1, 0, 0, 0, 0
1215, 126, 235, 13, 51, 0, 0, 0, 0
539, 3722, 63, 47, 1744, 923, 32, 48, 118
1032, 3723, 627, 1607, 3724, 144, 204, 662, 7
104, 630, 634, 94, 178, 39, 93, 204, 1514
1, 257, 1752, 774, 227, 492, 7, 86, 143
1518, 1605, 144, 232, 1486, 3731, 204, 232, 1136
1145, 86, 787, 95, 1117, 1112, 93, 134, 48
212, 3733, 3734, 1711, 1128, 3735, 3736, 3737, 539
3740, 3741, 89, 93, 484, 3742, 3743, 1093, 473
123, 3744, 30, 1110, 3745, 0, 0, 0, 0
133, 1447, 3746, 133, 1444, 48, 1754, 1689, 802
78, 6, 70, 3747, 411, 1, 23, 17, 82
1628, 1137, 6, 3750, 1146, 111, 145, 1671, 125
6, 70, 3, 17, 82, 0, 0, 0, 0
35, 47, 348, 21, 13, 0, 0, 0, 0
1, 1079, 6, 3751, 12, 477, 17, 0, 0
1052, 588, 591, 254, 3754, 3755, 3756, 1, 45
62, 63, 3831, 1150, 19, 107, 3832, 1655, 3833
1038, 359, 547, 483, 36, 270, 65, 1118, 165
1001, 20, 15, 142, 7, 0, 0, 0, 0
6, 400, 1454, 71, 475, 0, 0, 0, 0
768, 20, 261, 235, 314, 15, 1622, 1109, 0
128, 57, 2, 49, 184, 823, 3, 0, 0
35, 1363, 11, 76, 56, 102, 0, 0, 0
6, 3838, 1, 17, 82, 0, 0, 0, 0
3839, 110, 118, 3840, 1112, 3841, 110, 118, 3842
6, 70, 1492, 1493, 1, 124, 1151, 101, 13
264, 481, 55, 1580, 1, 465, 15, 71, 1
157, 949, 102, 30, 17, 8, 807, 0, 0
130, 1107, 842, 1042, 122, 626, 555, 161, 13
3843, 3844, 646, 1, 3845, 31, 36, 82, 0
292, 293, 3, 3846, 78, 151, 179, 0, 0
44, 1770, 85, 293, 11, 134, 62, 66, 0
329, 1627, 3, 177, 3848, 84, 258, 83, 3
3849, 3850, 1, 57, 13, 0, 0, 0, 0
25, 3851, 15, 2, 429, 190, 13, 429, 0
72, 118, 131, 408, 0, 0, 0, 0, 0
33, 140, 258, 3, 325, 3852, 3853, 8, 3854
23, 82, 3855, 3856, 1083, 1, 0, 0, 0
13, 25, 13, 72, 13, 49, 0, 0, 0
176, 551, 1259, 8, 3857, 843, 3, 1771, 0
96, 7, 44, 46, 3858, 80, 119, 0, 0
3861, 1773, 6, 3862, 25, 82, 1, 618, 48
211, 3863, 3864, 3865, 319, 96, 7, 3866, 1
129, 12, 1698, 25, 3869, 175, 1412, 1776, 442
1774, 1643, 85, 793, 292, 367, 1195, 1124, 3870
25, 479, 3873, 3874, 3875, 25, 175, 3876, 1756
1777, 3, 47, 279, 635, 27, 114, 1778, 92
36, 3877, 25, 2, 813, 371, 639, 97, 0
25, 240, 62, 639, 410, 17, 292, 262, 119
178, 32, 15, 178, 1590, 0, 0, 0, 0
1, 3878, 273, 1068, 236, 0, 0, 0, 0
1039, 62, 709, 3879, 3880, 196, 0, 0, 0
72, 22, 176, 3881, 7, 0, 0, 0, 0
63, 8, 1597, 3, 236, 1, 8, 1, 0
320, 236, 3882, 194, 67, 236, 0, 0, 0
3, 878, 1443, 518, 1456, 1779, 22, 105, 130
1551, 1069, 234, 291, 3883, 153, 558, 3884, 773
42, 765, 841, 155, 1780, 3886, 92, 3, 91
42, 3, 8, 1150, 0, 0, 0, 0, 0
3889, 777, 3890, 555, 817, 457, 472, 3891, 3892
3893, 526, 227, 1745, 751, 3894, 473, 169, 3895
1053, 3896, 284, 830, 473, 1626, 3897, 25, 89
470, 397, 3898, 3899, 2, 300, 3900, 0, 0
1686, 28, 1217, 95, 34, 3, 228, 907, 246
1, 549, 58, 241, 37, 0, 0, 0, 0
3902, 1151, 55, 68, 393, 0, 0, 0, 0
720, 746, 3903, 3904, 3905, 3906, 382, 1152, 0
658, 449, 49, 663, 3907, 3908, 0, 0, 0
320, 264, 532, 535, 25, 1470, 784, 3909, 136
3910, 793, 3911, 402, 3, 813, 0, 0, 0
3, 237, 1776, 71, 89, 0, 0, 0, 0
817, 3912, 3913, 1595, 3914, 1762, 992, 3915, 3916
312, 625, 320, 3917, 3918, 3, 0, 0, 0
3919, 3920, 1732, 194, 3921, 66, 25, 0, 0
480, 1115, 155, 1780, 3, 1137, 1583, 3922, 1772
1782, 1782, 3928, 1018, 816, 526, 880, 45, 1754
47, 3934, 1401, 3935, 1153, 270, 944, 3936, 72
60, 168, 3937, 1153, 3, 0, 0, 0, 0
236, 353, 829, 3938, 1446, 816, 3939, 3940, 0
3, 448, 591, 1034, 3941, 249, 3942, 95, 441
1216, 739, 1, 1421, 3944, 3945, 6, 400, 1783
359, 1154, 237, 3947, 221, 815, 827, 142, 7
350, 327, 1779, 5, 1018, 3948, 3949, 3950, 3951
776, 61, 72, 655, 49, 45, 3, 893, 1573
537, 55, 1063, 3952, 1466, 3953, 3954, 3955, 0
3956, 612, 1639, 11, 273, 7, 1574, 402, 31
14, 1037, 220, 344, 1, 0, 0, 0, 0
3957, 287, 6, 606, 561, 42, 565, 143, 3
82, 1, 100, 56, 0, 0, 0, 0, 0
47, 101, 210, 1700, 785, 0, 0, 0, 0
1, 3958, 483, 359, 1077, 322, 0, 0, 0
3965, 1769, 3966, 347, 3967, 3968, 3969, 641, 3970
742, 110, 3971, 3972, 3973, 66, 3974, 0, 0
1016, 462, 1784, 3975, 1659, 212, 785, 580, 171
1785, 532, 5, 561, 0, 0, 0, 0, 0
516, 8, 85, 72, 0, 0, 0, 0, 0
36, 503, 1, 1786, 0, 0, 0, 0, 0
55, 815, 130, 3976, 1785, 94, 3977, 0, 0
310, 3978, 3, 822, 12, 355, 3979, 111, 0
630, 6, 812, 305, 142, 125, 0, 0, 0
39, 297, 84, 517, 26, 3980, 0, 0, 0
2, 64, 61, 306, 0, 0, 0, 0, 0
3981, 120, 664, 1144, 3982, 97, 0, 0, 0
3983, 297, 21, 118, 68, 21, 334, 330, 0
1020, 252, 3984, 844, 990, 526, 1787, 6, 6
991, 51, 356, 125, 0, 0, 0, 0, 0
187, 65, 314, 54, 1788, 54, 0, 0, 0
3986, 3987, 263, 1789, 3988, 1155, 3989, 38, 43
360, 1106, 50, 665, 209, 0, 0, 0, 0
157, 56, 6, 623, 1790, 4, 0, 0, 0
3990, 10, 39, 24, 1090, 96, 3991, 16, 134
132, 3992, 611, 3993, 557, 30, 21, 837, 0
117, 40, 3994, 1059, 151, 179, 0, 0, 0
83, 54, 62, 186, 161, 289, 78, 208, 666
117, 1097, 97, 54, 0, 0, 0, 0, 0
5, 845, 846, 4, 968, 0, 0, 0, 0
23, 632, 4, 256, 51, 19, 1791, 4, 23
44, 42, 847, 582, 339, 0, 0, 0, 0
63, 172, 238, 139, 636, 3995, 139, 4, 0
461, 58, 4, 40, 3996, 3997, 0, 0, 0
53, 3998, 63, 8, 3999, 50, 4000, 0, 0
4001, 1042, 108, 4002, 1151, 0, 0, 0, 0
62, 48, 243, 1612, 445, 4, 0, 0, 0
4003, 120, 684, 24, 160, 36, 788, 4004, 749
21, 4, 555, 7, 37, 229, 4005, 89, 293
149, 139, 7, 136, 0, 0, 0, 0, 0
64, 5, 12, 141, 0, 0, 0, 0, 0
129, 161, 1156, 4006, 41, 298, 5, 156, 28
41, 43, 512, 68, 0, 0, 0, 0, 0
68, 518, 1034, 265, 54, 0, 0, 0, 0
4007, 414, 1792, 485, 79, 1304, 4, 62, 78
64, 369, 14, 27, 0, 0, 0, 0, 0
569, 60, 104, 229, 8, 0, 0, 0, 0
2, 1157, 24, 4, 4008, 0, 0, 0, 0
194, 229, 4010, 4011, 4012, 1061, 537, 1434, 1152
4, 57, 1159, 23, 36, 527, 97, 0, 0
81, 141, 447, 74, 1516, 0, 0, 0, 0
15, 485, 4, 4013, 4014, 275, 47, 12, 5
189, 728, 6, 1792, 38, 28, 127, 0, 0
1793, 1086, 4015, 1794, 848, 0, 0, 0, 0
11, 56, 4016, 124, 45, 41, 1693, 174, 0
386, 19, 331, 23, 27, 134, 252, 48, 317
328, 4, 535, 1012, 502, 238, 775, 0, 0
4, 452, 384, 272, 4018, 1716, 324, 1160, 275
349, 522, 4019, 4020, 4021, 0, 0, 0, 0
98, 209, 43, 362, 1005, 21, 39, 556, 0
267, 5, 252, 818, 0, 0, 0, 0, 0
15, 4022, 406, 751, 1149, 1147, 4023, 689, 1795
41, 1796, 712, 313, 12, 0, 0, 0, 0
32, 4, 1797, 67, 329, 0, 0, 0, 0
1161, 484, 78, 542, 296, 0, 0, 0, 0
362, 4024, 328, 14, 0, 0, 0, 0, 0
14, 1162, 435, 7, 12, 4025, 0, 0, 0
193, 146, 5, 361, 256, 40, 0, 0, 0
43, 178, 40, 217, 32, 0, 0, 0, 0
53, 61, 12, 34, 414, 6, 946, 1798, 0
33, 6, 261, 12, 95, 34, 4026, 1163, 31
50, 4027, 175, 140, 6, 50, 0, 0, 0
1164, 40, 108, 1086, 0, 0, 0, 0, 0
105, 53, 4028, 145, 0, 0, 0, 0, 0
181, 4029, 6, 19, 28, 4030, 14, 1163, 239
4031, 1704, 299, 849, 4, 0, 0, 0, 0
4032, 1677, 30, 4033, 125, 68, 4034, 0, 0
74, 2, 432, 850, 2, 331, 0, 0, 0
318, 1041, 83, 299, 1219, 1799, 4, 120, 0
129, 41, 156, 22, 174, 353, 8, 144, 204
360, 652, 517, 35, 239, 4036, 20, 42, 64
268, 43, 5, 364, 2, 50, 87, 209, 103
4037, 4038, 4039, 554, 14, 905, 1475, 346, 1800
4040, 108, 120, 12, 0, 0, 0, 0, 0
40, 43, 79, 377, 375, 377, 40, 43, 79
4, 1801, 287, 1165, 196, 0, 0, 0, 0
4042, 1802, 68, 54, 4043, 1803, 4044, 762, 64
5, 53, 227, 850, 0, 0, 0, 0, 0
41, 1735, 253, 4045, 1694, 214, 4, 508, 1166
55, 4, 122, 127, 240, 35, 288, 1804, 0
363, 6, 37, 6, 23, 105, 103, 50, 851
30, 21, 407, 60, 486, 0, 0, 0, 0
12, 214, 4, 297, 255, 120, 0, 0, 0
23, 268, 349, 11, 8, 0, 0, 0, 0
191, 20, 15, 1770, 269, 88, 0, 0, 0
4046, 572, 206, 660, 0, 0, 0, 0, 0
43, 12, 5, 1162, 4047, 397, 4048, 0, 0
4049, 4050, 1167, 43, 834, 0, 0, 0, 0
347, 269, 485, 1168, 4051, 1168, 4052, 0, 0
252, 280, 52, 79, 976, 573, 311, 186, 0
4, 94, 629, 290, 8, 121, 433, 0, 0
55, 4, 4053, 4054, 35, 448, 0, 0, 0
193, 1805, 684, 927, 684, 0, 0, 0, 0
256, 119, 132, 144, 4055, 0, 0, 0, 0
836, 28, 149, 149, 0, 0, 0, 0, 0
151, 97, 43, 4056, 1806, 4057, 0, 0, 0
8, 4058, 4059, 401, 12, 4060, 6, 12, 5
23, 117, 1807, 570, 38, 34, 0, 0, 0
166, 1014, 4061, 4062, 4063, 1786, 843, 4, 88
41, 28, 4064, 4065, 159, 0, 0, 0, 0
193, 277, 12, 274, 0, 0, 0, 0, 0
1500, 667, 4066, 40, 31, 301, 8, 0, 0
1793, 1808, 668, 4067, 0, 0, 0, 0, 0
12, 8, 467, 12, 6, 55, 4, 0, 0
570, 466, 20, 828, 60, 4069, 4070, 360, 300
104, 12, 4071, 4072, 296, 0, 0, 0, 0
45, 1169, 119, 41, 298, 5, 637, 0, 0
6, 31, 445, 4073, 255, 415, 163, 0, 0
4074, 836, 28, 149, 0, 0, 0, 0, 0
1810, 120, 592, 11, 5, 0, 0, 0, 0
4075, 4076, 543, 530, 6, 4077, 5, 0, 0
565, 4, 5, 794, 0, 0, 0, 0, 0
1812, 4, 146, 8, 467, 494, 4, 845, 64
262, 1781, 4079, 4080, 8, 241, 4081, 1160, 59
4082, 4, 1813, 267, 0, 0, 0, 0, 0
8, 569, 1814, 1815, 664, 4, 0, 0, 0
23, 4083, 43, 7, 47, 209, 39, 103, 50
38, 28, 2, 1816, 260, 0, 0, 0, 0
4, 4084, 163, 11, 4085, 0, 0, 0, 0
620, 97, 30, 319, 1811, 52, 4086, 0, 0
169, 1166, 4088, 229, 275, 37, 1014, 35, 355
989, 4089, 2, 4, 265, 0, 0, 0, 0
4090, 309, 41, 339, 4, 0, 0, 0, 0
97, 4091, 430, 1817, 486, 0, 0, 0, 0
287, 1675, 4092, 1789, 0, 0, 0, 0, 0
4093, 64, 104, 103, 0, 0, 0, 0, 0
852, 4, 234, 4094, 0, 0, 0, 0, 0
458, 15, 4095, 155, 16, 637, 603, 1169, 0
24, 1736, 4096, 1170, 127, 79, 0, 0, 0
19, 4097, 4098, 4099, 4100, 0, 0, 0, 0
5, 43, 187, 1812, 0, 0, 0, 0, 0
4101, 4102, 129, 107, 4, 706, 2, 0, 0
23, 747, 48, 146, 5, 0, 0, 0, 0
374, 967, 53, 4104, 4105, 117, 635, 4106, 742
445, 4107, 397, 4, 460, 0, 0, 0, 0
4108, 122, 347, 4, 615, 456, 4109, 28, 662
22, 44, 8, 415, 225, 8, 16, 4110, 40
35, 47, 4111, 4, 0, 0, 0, 0, 0
166, 790, 40, 45, 541, 790, 4112, 374, 0
461, 1171, 5, 103, 0, 0, 0, 0, 0
203, 423, 34, 1818, 92, 299, 0, 0, 0
295, 215, 4113, 38, 1819, 79, 36, 976, 0
285, 209, 1816, 334, 0, 0, 0, 0, 0
1820, 20, 8, 4114, 6, 1171, 104, 246, 671
4, 48, 270, 5, 0, 0, 0, 0, 0
164, 1172, 4115, 4116, 42, 146, 161, 37, 88
11, 449, 53, 95, 0, 0, 0, 0, 0
6, 606, 331, 17, 0, 0, 0, 0, 0
525, 762, 41, 4117, 1821, 56, 64, 0, 0
1822, 21, 43, 155, 11, 993, 0, 0, 0
145, 550, 4118, 4119, 0, 0, 0, 0, 0
70, 200, 18, 17, 0, 0, 0, 0, 0
1823, 50, 1824, 582, 847, 608, 0, 0, 0
4120, 4121, 268, 43, 0, 0, 0, 0, 0
61, 4122, 823, 4, 64, 0, 0, 0, 0
41, 570, 74, 12, 5, 0, 0, 0, 0
209, 362, 14, 135, 405, 779, 239, 64, 0
103, 8, 4123, 407, 1825, 4124, 0, 0, 0
1504, 19, 4, 17, 0, 0, 0, 0, 0
1726, 1089, 2, 28, 0, 0, 0, 0, 0
32, 329, 635, 4125, 0, 0, 0, 0, 0
53, 407, 4126, 763, 1673, 1826, 383, 0, 0
413, 45, 616, 1827, 1764, 0, 0, 0, 0
61, 228, 432, 668, 0, 0, 0, 0, 0
5, 239, 313, 4127, 0, 0, 0, 0, 0
2, 53, 312, 306, 0, 0, 0, 0, 0
256, 146, 1828, 95, 0, 0, 0, 0, 0
6, 44, 12, 226, 0, 0, 0, 0, 0
54, 89, 71, 2, 0, 0, 0, 0, 0
1829, 482, 240, 22, 4128, 302, 0, 0, 0
395, 99, 38, 28, 0, 0, 0, 0, 0
4129, 297, 12, 5, 0, 0, 0, 0, 0
356, 58, 125, 571, 0, 0, 0, 0, 0
19, 1431, 329, 339, 0, 0, 0, 0, 0
2, 53, 2, 1173, 0, 0, 0, 0, 0
37, 104, 362, 14, 0, 0, 0, 0, 0
401, 56, 738, 53, 0, 0, 0, 0, 0
4130, 272, 729, 4131, 296, 2, 59, 124, 97
474, 4132, 1367, 4133, 61, 0, 0, 0, 0
228, 19, 4, 23, 17, 0, 0, 0, 0
1784, 4134, 4, 1174, 4135, 698, 537, 4136, 119
6, 12, 512, 68, 0, 0, 0, 0, 0
54, 89, 47, 96, 60, 299, 4137, 1830, 0
73, 27, 4138, 723, 0, 0, 0, 0, 0
392, 4139, 4140, 4141, 0, 0, 0, 0, 0
4142, 267, 285, 4143, 551, 39, 4144, 98, 2
318, 531, 12, 5, 0, 0, 0, 0, 0
77, 63, 4145, 105, 43, 1175, 567, 0, 0
48, 152, 487, 4146, 328, 290, 67, 34, 0
271, 1818, 6, 248, 0, 0, 0, 0, 0
2, 54, 55, 11, 227, 0, 0, 0, 0
60, 103, 4147, 4148, 1796, 712, 208, 1667, 64
4, 328, 290, 8, 83, 0, 0, 0, 0
54, 4149, 14, 18, 40, 4150, 0, 0, 0
149, 4151, 4, 849, 843, 1807, 43, 1177, 854
100, 221, 4152, 1674, 214, 4, 4153, 1831, 0
164, 53, 37, 1804, 951, 0, 0, 0, 0
4154, 47, 711, 4155, 0, 0, 0, 0, 0
853, 474, 1832, 108, 97, 0, 0, 0, 0
186, 214, 4, 313, 76, 238, 235, 0, 0
2, 193, 233, 74, 0, 0, 0, 0, 0
4156, 4157, 19, 1007, 212, 0, 0, 0, 0
54, 296, 14, 1833, 314, 69, 4, 48, 385
226, 50, 38, 298, 569, 290, 134, 316, 78
38, 20, 246, 38, 1834, 124, 38, 415, 43
96, 1144, 54, 20, 1835, 4158, 1178, 4, 0
867, 87, 16, 47, 423, 34, 28, 0, 0
1451, 852, 1654, 166, 1747, 364, 117, 0, 0
87, 650, 361, 4, 78, 0, 0, 0, 0
83, 54, 12, 5, 4, 0, 0, 0, 0
7, 51, 15, 4159, 4, 47, 5, 4160, 4161
364, 109, 253, 1155, 0, 0, 0, 0, 0
267, 4162, 4163, 4164, 27, 89, 258, 67, 855
982, 1603, 1836, 669, 43, 355, 486, 0, 0
12, 8, 467, 12, 4165, 0, 0, 0, 0
209, 41, 568, 2, 54, 89, 0, 0, 0
794, 1168, 1131, 1132, 215, 0, 0, 0, 0
61, 4166, 1179, 43, 0, 0, 0, 0, 0
4167, 530, 5, 4168, 287, 767, 0, 0, 0
31, 42, 30, 4169, 38, 4170, 43, 0, 0
37, 364, 201, 36, 186, 17, 0, 0, 0
4, 21, 309, 282, 0, 0, 0, 0, 0
1175, 22, 12, 14, 4171, 63, 806, 4172, 81
22, 4, 485, 64, 65, 1027, 4173, 485, 326
287, 178, 40, 298, 364, 4174, 0, 0, 0
13, 103, 39, 145, 0, 0, 0, 0, 0
164, 299, 670, 413, 55, 14, 1640, 296, 53
254, 43, 96, 7, 23, 55, 172, 676, 0
278, 4175, 645, 43, 566, 1837, 382, 0, 0
1165, 61, 129, 2, 48, 0, 0, 0, 0
54, 89, 22, 5, 0, 0, 0, 0, 0
70, 4, 23, 17, 256, 0, 0, 0, 0
2, 193, 146, 263, 97, 4176, 4177, 4178, 482
4179, 22, 50, 1648, 153, 1838, 50, 297, 50
546, 4, 13, 54, 89, 4180, 567, 794, 0
298, 1839, 79, 96, 54, 89, 96, 568, 0
5, 228, 432, 267, 0, 0, 0, 0, 0
15, 94, 936, 4181, 421, 1653, 1165, 174, 0
348, 77, 77, 1180, 1152, 6, 396, 12, 14
70, 87, 357, 17, 645, 414, 200, 18, 0
374, 1840, 53, 4182, 12, 14, 0, 0, 0
156, 1800, 95, 4183, 4, 4184, 337, 0, 0
61, 53, 716, 331, 0, 0, 0, 0, 0
157, 56, 4185, 63, 91, 153, 0, 0, 0
239, 571, 243, 68, 31, 319, 50, 0, 0
38, 2, 706, 512, 821, 461, 0, 0, 0
390, 35, 160, 193, 16, 12, 14, 17, 4186
20, 142, 125, 7, 0, 0, 0, 0, 0
190, 32, 96, 54, 89, 0, 0, 0, 0
1836, 570, 108, 4187, 59, 7, 83, 4, 93
1181, 268, 4188, 265, 0, 0, 0, 0, 0
4190, 214, 4, 37, 31, 1841, 11, 13, 18
278, 254, 83, 571, 0, 0, 0, 0, 0
157, 56, 267, 217, 0, 0, 0, 0, 0
4191, 314, 88, 134, 349, 47, 134, 542, 4192
48, 54, 132, 288, 539, 43, 0, 0, 0
88, 252, 4, 62, 48, 6, 19, 0, 0
260, 83, 45, 554, 0, 0, 0, 0, 0
37, 4, 23, 1672, 27, 0, 0, 0, 0
1842, 298, 38, 1761, 4193, 139, 0, 0, 0
545, 425, 11, 178, 665, 0, 0, 0, 0
376, 1632, 22, 453, 1105, 458, 266, 4, 0
35, 239, 4194, 4195, 64, 103, 141, 0, 0
22, 311, 365, 361, 35, 4196, 4197, 4198, 0
198, 4199, 4, 4200, 844, 21, 5, 364, 0
59, 31, 4, 12, 274, 8, 0, 0, 0
4, 829, 11, 45, 257, 216, 190, 144, 1843
4201, 4202, 1020, 573, 4203, 208, 278, 266, 0
126, 214, 4, 68, 249, 1601, 108, 0, 0
157, 56, 1752, 512, 4204, 4, 0, 0, 0
21, 34, 364, 856, 4, 23, 0, 0, 0
621, 30, 383, 365, 21, 29, 125, 0, 0
4205, 267, 12, 5, 0, 0, 0, 0, 0
88, 139, 121, 54, 16, 433, 4206, 1844, 0
13, 365, 93, 6, 4207, 4208, 16, 56, 102
455, 1009, 4209, 16, 4210, 738, 1773, 28, 864
27, 64, 191, 574, 1845, 0, 0, 0, 0
4211, 4, 8, 83, 136, 0, 0, 0, 0
363, 4212, 406, 12, 1828, 1847, 1848, 26, 4213
4214, 667, 105, 6, 19, 306, 0, 0, 0
1850, 4215, 14, 60, 129, 28, 61, 129, 4
295, 11, 133, 13, 51, 43, 0, 0, 0
448, 105, 53, 416, 183, 126, 115, 346, 512
4216, 21, 5, 4217, 58, 1182, 136, 5, 0
132, 4218, 644, 623, 1790, 4219, 1841, 243, 4220
23, 22, 97, 4, 626, 610, 1657, 106, 229
2, 1851, 4221, 879, 0, 0, 0, 0, 0
1760, 4222, 28, 53, 0, 0, 0, 0, 0
14, 27, 103, 4223, 4224, 274, 0, 0, 0
76, 21, 572, 12, 661, 0, 0, 0, 0
126, 4225, 135, 4226, 4, 386, 908, 4227, 0
1183, 18, 48, 57, 189, 0, 0, 0, 0
4228, 1852, 574, 4229, 0, 0, 0, 0, 0
550, 445, 235, 26, 50, 0, 0, 0, 0
1176, 50, 20, 40, 854, 1853, 4230, 0, 0
330, 4231, 4232, 365, 4233, 4234, 0, 0, 0
96, 7, 706, 209, 4235, 4236, 28, 38, 1544
1158, 11, 1778, 4237, 1159, 60, 20, 261, 97
745, 128, 574, 264, 15, 230, 948, 1164, 461
666, 4239, 54, 12, 5, 0, 0, 0, 0
73, 1854, 79, 257, 405, 329, 4, 1084, 4240
1855, 4, 15, 97, 0, 0, 0, 0, 0
839, 4, 226, 4241, 4242, 330, 4243, 0, 0
350, 729, 40, 191, 4244, 4245, 4246, 412, 0
100, 56, 363, 4247, 254, 1821, 856, 5, 74
414, 48, 385, 11, 247, 18, 0, 0, 0
1027, 125, 23, 193, 256, 0, 0, 0, 0
4248, 1170, 4249, 86, 405, 1249, 4250, 0, 0
16, 389, 99, 853, 0, 0, 0, 0, 0
362, 1005, 103, 141, 0, 0, 0, 0, 0
28, 267, 4251, 11, 1149, 311, 206, 238, 133
16, 56, 193, 102, 0, 0, 0, 0, 0
1184, 435, 1799, 4252, 4253, 0, 0, 0, 0
811, 222, 4254, 297, 120, 133, 4255, 0, 0
4256, 4, 467, 1660, 442, 1856, 0, 0, 0
73, 4257, 183, 60, 68, 508, 7, 1135, 90
38, 298, 63, 139, 1127, 28, 0, 0, 0
619, 1853, 146, 11, 4259, 4260, 4261, 274, 95
2, 53, 14, 27, 0, 0, 0, 0, 0
1791, 4, 668, 221, 0, 0, 0, 0, 0
187, 143, 299, 4262, 4, 0, 0, 0, 0
850, 1857, 81, 2, 296, 170, 198, 1822, 1858
187, 16, 56, 193, 102, 0, 0, 0, 0
728, 1307, 38, 330, 58, 233, 15, 644, 0
994, 416, 31, 192, 2, 74, 0, 0, 0
576, 4263, 1487, 4264, 29, 845, 537, 0, 0
26, 465, 117, 83, 487, 4, 296, 5, 0
849, 54, 2, 265, 0, 0, 0, 0, 0
291, 2, 12, 416, 0, 0, 0, 0, 0
1859, 4265, 4266, 415, 1859, 600, 4, 326, 1860
732, 4267, 125, 1861, 133, 0, 0, 0, 0
242, 6, 573, 1426, 1274, 4268, 4269, 187, 4270
243, 4, 4271, 55, 79, 4272, 664, 208, 4273
191, 1803, 633, 254, 1688, 4274, 1200, 1813, 10
1611, 38, 4275, 50, 559, 4276, 38, 330, 856
391, 83, 6, 17, 101, 146, 1003, 0, 0
23, 708, 1863, 79, 382, 0, 0, 0, 0
386, 4, 4277, 63, 340, 238, 40, 0, 0
281, 674, 12, 4, 0, 0, 0, 0, 0
4280, 15, 4281, 4282, 172, 676, 83, 6, 4283
70, 572, 17, 88, 30, 91, 513, 99, 16
348, 24, 79, 4284, 1477, 0, 0, 0, 0
64, 1827, 87, 545, 452, 163, 1157, 608, 0
363, 4285, 189, 38, 28, 190, 4286, 34, 0
32, 129, 11, 57, 2, 28, 0, 0, 0
1173, 1748, 4287, 16, 100, 265, 0, 0, 0
91, 4288, 4289, 844, 4290, 4291, 4292, 0, 0
1161, 158, 283, 273, 856, 1163, 40, 0, 0
4293, 1179, 691, 159, 58, 4, 0, 0, 0
391, 12, 20, 265, 0, 0, 0, 0, 0
38, 4295, 122, 1427, 4296, 624, 350, 4297, 4298
604, 20, 142, 125, 0, 0, 0, 0, 0
35, 101, 716, 331, 0, 0, 0, 0, 0
254, 2, 28, 299, 43, 291, 254, 438, 0
284, 4299, 4300, 40, 1049, 120, 360, 0, 0
1162, 41, 12, 2, 97, 69, 301, 7, 423
109, 4301, 268, 43, 33, 209, 134, 363, 1002
23, 1147, 4302, 667, 4303, 1185, 4304, 1135, 0
286, 17, 238, 4305, 1795, 0, 0, 0, 0
54, 89, 157, 4306, 0, 0, 0, 0, 0
81, 927, 168, 16, 0, 0, 0, 0, 0
744, 4307, 59, 79, 1078, 748, 239, 43, 0
5, 108, 120, 190, 340, 297, 62, 1864, 7
503, 1852, 391, 146, 576, 183, 4308, 4309, 670
474, 28, 486, 4310, 485, 79, 0, 0, 0
1186, 857, 74, 233, 16, 42, 28, 711, 128
624, 988, 147, 574, 4312, 415, 4313, 574, 1838
22, 574, 262, 4314, 56, 4315, 53, 0, 0
88, 62, 78, 115, 106, 178, 238, 0, 0
120, 15, 349, 120, 4316, 132, 297, 263, 4317
1865, 109, 200, 18, 0, 0, 0, 0, 0
4318, 4, 208, 727, 0, 0, 0, 0, 0
4319, 21, 650, 544, 0, 0, 0, 0, 0
74, 416, 61, 53, 16, 157, 56, 0, 0
4320, 1067, 4321, 466, 73, 540, 0, 0, 0
71, 768, 330, 519, 1866, 0, 0, 0, 0
198, 16, 56, 4, 83, 4322, 0, 0, 0
159, 98, 45, 159, 0, 0, 0, 0, 0
103, 50, 14, 209, 0, 0, 0, 0, 0
104, 12, 4323, 4324, 0, 0, 0, 0, 0
4325, 669, 4326, 24, 98, 8, 4327, 4328, 0
43, 57, 4330, 362, 121, 78, 208, 4331, 50
4332, 62, 314, 854, 214, 4, 54, 4333, 74
70, 4, 4334, 4335, 858, 1867, 70, 17, 4336
120, 146, 349, 288, 860, 666, 4, 0, 0
128, 436, 34, 847, 0, 0, 0, 0, 0
572, 4338, 4339, 152, 340, 4340, 83, 572, 360
859, 4341, 1839, 43, 846, 239, 1187, 268, 4342
298, 53, 26, 813, 619, 4344, 4345, 93, 4346
5, 53, 160, 692, 239, 1345, 0, 0, 0
459, 317, 259, 137, 4347, 74, 393, 0, 0
181, 1644, 554, 924, 256, 6, 369, 96, 4348
20, 24, 1125, 604, 20, 265, 4, 0, 0
4, 455, 14, 70, 23, 17, 1870, 0, 0
64, 301, 506, 4349, 262, 522, 4350, 1174, 50
56, 1810, 102, 280, 1870, 214, 4351, 482, 158
20, 835, 26, 465, 0, 0, 0, 0, 0
4353, 1116, 4354, 144, 4, 1059, 673, 5, 458
97, 193, 16, 170, 436, 0, 0, 0, 0
22, 24, 1185, 635, 4355, 4356, 208, 667, 562
35, 1000, 2, 28, 108, 120, 295, 33, 222
7, 212, 8, 4358, 4359, 124, 836, 4360, 246
4362, 126, 4363, 4364, 670, 4365, 74, 413, 61
504, 4366, 2, 4367, 0, 0, 0, 0, 0
294, 4369, 1872, 4370, 38, 4371, 4372, 127, 79
466, 109, 200, 18, 21, 431, 0, 0, 0
1138, 1182, 4373, 1868, 38, 33, 34, 589, 181
399, 379, 365, 47, 1873, 172, 1641, 4375, 1369
4376, 39, 1741, 13, 4, 4377, 365, 342, 0
4, 1159, 487, 186, 4, 0, 0, 0, 0
1008, 859, 64, 4378, 67, 506, 456, 163, 0
105, 53, 178, 255, 40, 0, 0, 0, 0
571, 527, 4379, 291, 923, 50, 0, 0, 0
1584, 357, 38, 28, 109, 0, 0, 0, 0
120, 435, 484, 4380, 1857, 12, 0, 0, 0
50, 1874, 436, 959, 38, 5, 0, 0, 0
983, 7, 888, 4381, 361, 30, 40, 542, 4382
1875, 4383, 555, 859, 4384, 47, 754, 267, 346
139, 852, 200, 18, 0, 0, 0, 0, 0
103, 619, 4385, 1867, 361, 37, 7, 181, 297
35, 189, 331, 2, 28, 233, 74, 0, 0
32, 45, 98, 858, 4386, 0, 0, 0, 0
4387, 1169, 623, 41, 458, 0, 0, 0, 0
45, 2, 156, 64, 305, 550, 0, 0, 0
33, 301, 4388, 65, 1188, 0, 0, 0, 0
309, 241, 94, 629, 235, 0, 0, 0, 0
221, 1684, 102, 1025, 70, 4389, 4390, 360, 0
37, 31, 528, 4391, 0, 0, 0, 0, 0
14, 27, 178, 1876, 4, 1797, 4392, 669, 665
962, 1189, 4393, 124, 1368, 333, 1817, 0, 0
76, 4394, 1185, 730, 502, 0, 0, 0, 0
4, 1160, 119, 1877, 24, 79, 4395, 845, 4396
12, 141, 299, 1878, 67, 34, 4397, 54, 0
330, 4398, 71, 2, 638, 569, 0, 0, 0
129, 458, 1130, 294, 0, 0, 0, 0, 0
20, 271, 174, 45, 76, 270, 79, 244, 1154
178, 837, 858, 214, 0, 0, 0, 0, 0
847, 44, 1101, 1175, 4399, 30, 88, 0, 0
16, 1489, 331, 193, 36, 146, 14, 0, 0
13, 431, 256, 18, 0, 0, 0, 0, 0
487, 4400, 1187, 413, 12, 4, 0, 0, 0
40, 4401, 571, 582, 319, 57, 14, 0, 0
1004, 728, 54, 1829, 4402, 0, 0, 0, 0
360, 455, 4403, 4404, 30, 1044, 50, 0, 0
265, 90, 40, 1184, 0, 0, 0, 0, 0
4, 22, 94, 5, 156, 15, 840, 665, 0
104, 24, 45, 174, 0, 0, 0, 0, 0
50, 1040, 1819, 4405, 0, 0, 0, 0, 0
103, 192, 43, 209, 184, 121, 7, 402, 78
235, 1724, 4406, 1156, 4407, 881, 1861, 1428, 482
40, 287, 129, 325, 15, 1877, 4408, 486, 317
32, 413, 1880, 4409, 4410, 267, 846, 0, 0
102, 4411, 238, 107, 664, 0, 0, 0, 0
174, 64, 1145, 1715, 119, 21, 1174, 0, 0
117, 4, 1833, 4412, 4413, 124, 0, 0, 0
1089, 194, 4414, 314, 54, 4415, 69, 1830, 0
76, 465, 235, 4, 508, 4416, 0, 0, 0
301, 52, 194, 153, 40, 4417, 377, 4, 97
363, 50, 1824, 1646, 19, 0, 0, 0, 0
4, 1742, 288, 21, 4418, 0, 0, 0, 0
256, 1161, 114, 6, 19, 43, 23, 17, 632
954, 681, 1858, 4420, 4421, 54, 367, 792, 614
191, 1178, 4, 45, 578, 506, 1585, 4422, 308
306, 12, 141, 681, 1405, 1187, 108, 367, 792
104, 4423, 122, 108, 4424, 4425, 4, 4426, 228
234, 19, 268, 43, 38, 28, 0, 0, 0
42, 1164, 4427, 160, 134, 1847, 4, 0, 0
1685, 121, 62, 63, 4428, 4429, 83, 4, 344
106, 88, 4430, 43, 1057, 1179, 339, 0, 0
64, 694, 6, 48, 1143, 116, 672, 362, 4431
762, 41, 4432, 103, 4433, 511, 326, 2, 4434
81, 192, 172, 375, 0, 0, 0, 0, 0
1854, 239, 53, 78, 361, 0, 0, 0, 0
24, 296, 67, 855, 26, 4435, 390, 328, 342
391, 289, 857, 4436, 43, 16, 319, 50, 0
1183, 19, 200, 18, 4437, 0, 0, 0, 0
435, 531, 33, 301, 1182, 589, 4438, 0, 0
181, 365, 834, 484, 256, 1383, 0, 0, 0
1390, 2, 1157, 45, 4439, 0, 0, 0, 0
4440, 1718, 113, 24, 178, 4441, 614, 0, 0
16, 157, 56, 53, 0, 0, 0, 0, 0
172, 40, 365, 879, 2, 4442, 0, 0, 0
4443, 12, 7, 487, 0, 0, 0, 0, 0
117, 1767, 120, 361, 315, 1846, 0, 0, 0
8, 569, 1814, 1815, 664, 4, 0, 0, 0
277, 265, 21, 470, 165, 4, 0, 0, 0
319, 249, 465, 4444, 0, 0, 0, 0, 0
4445, 4446, 1180, 4, 1186, 260, 0, 0, 0
858, 4447, 4448, 4, 1172, 4449, 38, 50, 297
1099, 54, 4450, 4451, 362, 757, 1788, 564, 7
623, 4452, 178, 40, 0, 0, 0, 0, 0
159, 4453, 12, 4454, 4455, 389, 233, 471, 193
4, 240, 88, 4456, 4457, 203, 257, 239, 4458
78, 522, 4459, 1438, 69, 4, 40, 0, 0
40, 21, 143, 220, 24, 108, 4460, 33, 4461
4462, 1805, 4463, 696, 4464, 0, 0, 0, 0
38, 28, 61, 14, 0, 0, 0, 0, 0
48, 1055, 1452, 28, 4465, 119, 4466, 105, 721
535, 1843, 16, 12, 299, 1848, 4467, 0, 0
173, 12, 68, 4468, 0, 0, 0, 0, 0
783, 98, 4469, 45, 4, 1171, 159, 545, 0
97, 4470, 118, 262, 125, 4471, 398, 1191, 848
11, 631, 1181, 68, 6, 77, 662, 4472, 2
37, 290, 333, 65, 539, 52, 0, 0, 0
159, 545, 4473, 8, 152, 1107, 4474, 0, 0
21, 151, 215, 364, 4475, 4, 97, 0, 0
61, 38, 54, 89, 4476, 896, 0, 0, 0
55, 48, 152, 4477, 1866, 538, 33, 271, 107
24, 268, 43, 103, 34, 31, 27, 1758, 362
1188, 1078, 265, 114, 4, 208, 166, 4478, 1218
20, 42, 16, 328, 4479, 669, 0, 0, 0
1880, 4480, 1281, 4481, 721, 7, 37, 0, 0
670, 4483, 160, 40, 4484, 4485, 670, 4486, 839
76, 40, 64, 763, 1600, 0, 0, 0, 0
64, 16, 170, 114, 0, 0, 0, 0, 0
117, 54, 1306, 416, 35, 189, 331, 0, 0
667, 1876, 141, 498, 4487, 146, 0, 0, 0
705, 99, 459, 459, 0, 0, 0, 0, 0
4489, 145, 67, 1108, 294, 63, 127, 172, 238
569, 4490, 1566, 21, 152, 47, 399, 115, 5
1021, 4491, 452, 163, 32, 0, 0, 0, 0
37, 155, 4492, 2, 335, 1177, 4, 4493, 849
14, 323, 2, 364, 568, 4494, 719, 118, 4495
54, 4496, 101, 96, 0, 0, 0, 0, 0
363, 1862, 103, 50, 14, 0, 0, 0, 0
702, 1783, 329, 11, 504, 0, 0, 0, 0
21, 486, 414, 4, 173, 0, 0, 0, 0
129, 41, 77, 174, 266, 175, 840, 334, 14
716, 214, 4, 78, 6, 0, 0, 0, 0
291, 269, 34, 34, 730, 6, 23, 1863, 619
850, 7, 22, 419, 0, 0, 0, 0, 0
289, 361, 484, 62, 256, 40, 0, 0, 0
1095, 1749, 54, 1844, 0, 0, 0, 0, 0
128, 50, 1850, 93, 354, 6, 349, 355, 6
4, 93, 119, 26, 144, 70, 748, 1837, 4497
20, 8, 487, 226, 0, 0, 0, 0, 0
4498, 1212, 1617, 1176, 918, 127, 1849, 261, 0
117, 487, 214, 4, 349, 385, 4499, 0, 0
16, 94, 96, 1140, 13, 200, 18, 92, 416
109, 108, 1879, 4500, 0, 0, 0, 0, 0
852, 124, 60, 666, 1881, 290, 1878, 4501, 40
117, 62, 1007, 290, 0, 0, 0, 0, 0
61, 668, 190, 1869, 4, 4502, 0, 0, 0
1416, 589, 222, 814, 97, 0, 0, 0, 0
53, 384, 405, 287, 4503, 50, 792, 0, 0
156, 54, 573, 186, 566, 4504, 985, 73, 4505
109, 53, 142, 125, 0, 0, 0, 0, 0
95, 146, 8, 467, 0, 0, 0, 0, 0
156, 1882, 239, 4506, 15, 918, 156, 1882, 4
638, 43, 4507, 38, 2, 330, 2, 1170, 4508
41, 64, 98, 2, 228, 0, 0, 0, 0
11, 2, 95, 135, 19, 1871, 43, 17, 0
318, 43, 2, 7, 189, 0, 0, 0, 0
46, 30, 1188, 14, 4509, 4510, 1184, 1806, 1178
778, 6, 22, 32, 0, 0, 0, 0, 0
95, 70, 331, 23, 27, 416, 0, 0, 0
12, 1860, 140, 1191, 0, 0, 0, 0, 0
369, 288, 1825, 1766, 669, 4511, 1190, 303, 0
4512, 4513, 1154, 159, 4514, 1865, 0, 0, 0
2, 31, 103, 851, 191, 50, 0, 0, 0
1189, 1190, 30, 676, 95, 0, 0, 0, 0
1145, 54, 562, 4515, 267, 644, 0, 0, 0
44, 90, 665, 65, 279, 50, 4516, 1753, 0
20, 4517, 611, 20, 261, 339, 848, 0, 0
51, 1181, 4519, 4520, 562, 214, 1155, 1883, 40
1186, 233, 28, 524, 989, 1457, 38, 159, 0
103, 851, 69, 289, 857, 1167, 592, 0, 0
53, 346, 28, 995, 357, 0, 0, 0, 0
20, 265, 53, 400, 0, 0, 0, 0, 0
242, 316, 52, 263, 524, 79, 474, 1832, 329
640, 1755, 37, 1826, 1884, 316, 405, 844, 0
1508, 415, 1008, 274, 0, 0, 0, 0, 0
32, 853, 40, 6, 43, 4521, 214, 0, 0
97, 50, 1874, 27, 567, 1060, 425, 354, 0
747, 2, 254, 416, 156, 24, 45, 0, 0
28, 14, 137, 1823, 471, 4522, 4523, 4524, 53
35, 1831, 108, 1820, 20, 15, 262, 4525, 536
1173, 1840, 531, 33, 1798, 4526, 0, 0, 0
117, 4527, 4528, 125, 0, 0, 0, 0, 0
511, 24, 1192, 1192, 1192, 38, 51, 486, 834
377, 4, 206, 131, 4529, 172, 264, 307, 168
94, 54, 4, 262, 29, 323, 4530, 0, 0
888, 29, 10, 4532, 60, 4533, 425, 165, 573
4534, 4535, 816, 1734, 0, 0, 0, 0, 0
4536, 4537, 87, 650, 0, 0, 0, 0, 0
33, 34, 183, 545, 64, 0, 0, 0, 0
299, 396, 55, 474, 28, 268, 43, 68, 0
4538, 562, 4, 15, 484, 316, 719, 62, 0
5, 16, 11, 56, 0, 0, 0, 0, 0
24, 855, 291, 268, 35, 1851, 0, 0, 0
837, 570, 70, 17, 4539, 0, 0, 0, 0
290, 1191, 1842, 4, 0, 0, 0, 0, 0
21, 506, 52, 1055, 79, 21, 511, 0, 0
4541, 4542, 119, 132, 144, 172, 1663, 10, 79
333, 1856, 413, 953, 636, 4, 229, 0, 0
43, 4543, 4544, 189, 331, 0, 0, 0, 0
8, 250, 451, 1358, 50, 257, 303, 0, 0
67, 611, 446, 2, 4, 0, 0, 0, 0
181, 413, 661, 1834, 12, 141, 0, 0, 0
1885, 523, 330, 101, 233, 0, 0, 0, 0
1809, 562, 661, 4545, 0, 0, 0, 0, 0
178, 229, 108, 330, 809, 101, 4546, 0, 0
4547, 48, 770, 117, 451, 158, 0, 0, 0
1001, 178, 1845, 40, 298, 38, 0, 0, 0
4, 21, 117, 4548, 51, 940, 0, 0, 0
626, 4549, 864, 24, 51, 940, 0, 0, 0
11, 8, 53, 299, 4550, 4551, 50, 87, 1885
128, 1166, 1872, 556, 4552, 345, 415, 0, 0
1855, 1172, 4553, 4554, 35, 57, 189, 723, 0
22, 24, 855, 328, 0, 0, 0, 0, 0
809, 1768, 67, 346, 4556, 4557, 4558, 12, 5
340, 24, 79, 1528, 10, 0, 0, 0, 0
409, 1433, 7, 4, 104, 4559, 8, 1883, 4
374, 290, 4560, 4561, 47, 389, 1886, 29, 0
35, 348, 383, 1886, 0, 0, 0, 0, 0
1177, 126, 4562, 31, 146, 0, 0, 0, 0
1167, 87, 425, 354, 0, 0, 0, 0, 0
4, 153, 183, 81, 400, 663, 4, 0, 0
19, 120, 82, 1402, 284, 0, 0, 0, 0
376, 120, 369, 12, 141, 0, 0, 0, 0
4564, 15, 192, 88, 38, 34, 1082, 50, 4565
30, 94, 840, 7, 28, 149, 0, 0, 0
65, 37, 4566, 222, 53, 0, 0, 0, 0
1864, 4567, 60, 666, 1881, 0, 0, 0, 0
33, 1771, 4, 4568, 19, 1125, 0, 0, 0
22, 340, 94, 156, 64, 4569, 1282, 0, 0
44, 12, 63, 238, 139, 0, 0, 0, 0
4570, 4571, 329, 11, 4572, 40, 0, 0, 0
35, 11, 123, 120, 104, 12, 0, 0, 0
4573, 6, 78, 4574, 0, 0, 0, 0, 0
119, 21, 4575, 354, 600, 50, 326, 0, 0
87, 650, 1884, 79, 4, 0, 0, 0, 0
31, 1333, 4576, 673, 4577, 4578, 0, 0, 0
4579, 79, 365, 36, 146, 0, 0, 0, 0
